customer id,name,email,password,phone no,address,cart id
1,Paco,pmartini0@usda.gov,hNq73XiM7Y,888-994-2580,3017 Killdeer Center,1
2,Clotilda,ccaudray1@icq.com,rDi10VDf8w2,769-740-5564,9833 Clove Crossing,2
3,Swen,smacgilpatrick2@vinaora.com,R8eCq2,617-314-7925,3 Vahlen Crossing,3
4,Sloane,smattsson3@istockphoto.com,LmN9Ygw6qv7k,936-609-4294,6875 Carberry Terrace,4
5,Jed,jormston4@xinhuanet.com,y4XpmxAk,756-933-6124,9494 Old Shore Circle,5
6,Romola,rmatas5@amazon.com,cLnERb,508-521-3468,03 Grayhawk Terrace,6
7,Anny,awoodings6@stumbleupon.com,KgvKCN,970-536-2649,0 Straubel Alley,7
8,Sophie,schecketts7@mapy.cz,VaUN3YF6q4,714-930-0311,222 Kingsford Court,8
9,Ada,ajendricke8@auda.org.au,NuTFI07hbt,958-124-2284,8 Debra Alley,9
10,Giorgia,gbech9@mediafire.com,jkKctPxF,841-292-3031,6356 Oxford Junction,10
11,Coreen,cvaszolya@skype.com,ZtfkFiz0DU,379-622-0708,6188 Nancy Circle,11
12,Ive,ibrimb@dmoz.org,S7ACuswN,830-272-4529,4 Shasta Plaza,12
13,Ariela,agirvinc@bbb.org,iyzYZH1,142-213-7263,404 Old Gate Parkway,13
14,Moreen,mcamfieldd@umn.edu,slxwoOTGNs,149-421-1784,0 Anderson Pass,14
15,Martguerita,msalvidgee@nature.com,GnsDo4kAfTq,158-817-8745,093 Kinsman Alley,15
16,Ros,rsambalsf@hao123.com,gnAuPhDiIEr,398-460-3189,017 Havey Center,16
17,Dale,dricharzg@virginia.edu,LwbmoLvVL,142-523-1072,7 Atwood Plaza,17
18,Hallsy,htoulamainh@pen.io,BEP5VzL6JV,294-109-4992,451 Sycamore Drive,18
19,Eddie,edassindalei@networkadvertising.org,2BtjHN,744-977-9702,9 Monica Road,19
20,Corinne,cgisburnj@storify.com,9pzpUP,437-405-5850,683 Union Hill,20
21,Berget,bhallickk@europa.eu,45MkjFK28U,856-238-1254,85 Kim Circle,21
22,Kara,kcuxonl@mozilla.org,pdOrbvsN4mC,811-911-4983,9346 Red Cloud Hill,22
23,Enrique,ekeightleym@aboutads.info,NlifSzwC1,430-944-1163,79941 Maywood Pass,23
24,Lonnie,ltilleyn@privacy.gov.au,71a38QUH2Y,830-475-8502,3369 Claremont Center,24
25,Ham,hbrichamo@wufoo.com,ESRg7CU9hv,663-273-4517,117 Cascade Pass,25
26,Abbey,ahurstp@edublogs.org,lFtHligq,859-696-8897,437 Orin Parkway,26
27,Janka,jmortenq@ucla.edu,BFdUpHV,313-838-0854,9022 Lotheville Lane,27
28,Cazzie,cudallr@skyrock.com,NPCkh0InzD,856-490-1272,15359 Kenwood Alley,28
29,Sandra,smanifields@vk.com,Wjz56jP9,483-568-3614,786 Barnett Court,29
30,Herrick,hshilladayt@goodreads.com,wyRPZzkZ2W,762-423-5768,81849 Nelson Center,30
31,Aeriell,akarusu@privacy.gov.au,jhWoIYn2NM,327-581-4471,20 Corscot Parkway,31
32,Gavrielle,gdonizeauv@indiatimes.com,G8jpt6Eq,120-869-9576,9104 Hallows Lane,32
33,Skylar,shaswellw@nature.com,OrO0NlGzB,881-441-3339,89328 Darwin Junction,33
34,Bernice,bbradlaughx@taobao.com,2zRIRJvpRH7n,992-812-4067,383 Hudson Lane,34
35,Buffy,bcapewelly@omniture.com,vCrpN5HL,636-452-0397,578 Vermont Way,35
36,Monti,mgoforthz@wufoo.com,rHLBXnO,808-357-5848,498 Comanche Crossing,36
37,Ruthanne,rchasteau10@cloudflare.com,nOVS1NW,339-321-1571,14214 Carberry Trail,37
38,Gussi,gkenderdine11@weebly.com,IIDIKgvD,437-969-9745,68211 Reindahl Street,38
39,Ulrike,uronci12@ted.com,SjmvE0FQ,859-571-6905,6983 Utah Plaza,39
40,Fay,fkealey13@yahoo.co.jp,Wk748c8,655-622-2799,2 Northland Court,40
41,Pierette,pommanney14@slashdot.org,K5srF9VT8v0,480-208-4166,87 Schlimgen Pass,41
42,Brooke,bshawdforth15@qq.com,6BB6ky0eN,322-565-6002,7504 Raven Parkway,42
43,Drusi,dkeach16@fotki.com,bU0NuycB,529-415-1238,43 Crowley Lane,43
44,Mufinella,mzima17@cam.ac.uk,ny7TSsZCR,126-257-8849,209 Kipling Circle,44
45,Hartley,heffemy18@kickstarter.com,fXtYL2vmLd2,369-632-0362,2 Katie Street,45
46,Marleen,minchley19@sun.com,ShVoaVEyA,825-936-0443,663 Porter Lane,46
47,Tadeas,trhymes1a@tiny.cc,1QutlKk0pk9k,119-710-7498,4310 Trailsway Plaza,47
48,Marillin,maleksandrev1b@booking.com,qqbvylcUM,443-649-4543,9238 Meadow Valley Pass,48
49,Rey,reary1c@xrea.com,iQxrnEl1rD,736-970-4816,74621 Basil Way,49
50,Judi,jgrimbleby1d@soundcloud.com,gJNC4CP,884-517-5244,56572 Kropf Way,50
51,Der,dhairs1e@tumblr.com,EcnE1IZRLzwQ,451-811-4968,80 3rd Center,51
52,Fannie,fosmond1f@ca.gov,sh9XaBS,599-100-8066,63 Banding Trail,52
53,Clemmy,cvonderempten1g@facebook.com,oPqL3oWEuLD,431-937-7216,10 Schiller Crossing,53
54,El,edugget1h@nsw.gov.au,1hbZYi9lF,922-751-6797,1124 Reinke Pass,54
55,Barton,bambroziak1i@shareasale.com,q3YkGN4HjC9,808-879-1517,6735 Hazelcrest Drive,55
56,Burr,bdehooge1j@amazon.com,nBWrE5c,971-340-2935,33 Bonner Lane,56
57,Tiebout,tscrowston1k@who.int,3ltML20sJJsc,704-543-4921,256 Spohn Road,57
58,Roderich,rbarbey1l@parallels.com,qpKjkdjoSj8i,329-790-1874,9825 Melby Point,58
59,Jdavie,jgutridge1m@buzzfeed.com,1y5XShu9LEC,983-610-8095,23555 Hoepker Point,59
60,Stephen,scarmel1n@npr.org,ARLsu2Q,933-133-2247,88 Grayhawk Trail,60
61,Charlean,crabley1o@miitbeian.gov.cn,GEbM7y,672-213-4298,9 Clove Drive,61
62,Skippy,sreisen1p@bbb.org,aT7Tu1n2Mhh,663-793-9723,169 Lakewood Alley,62
63,Tedmund,tcashell1q@e-recht24.de,25DyxY,707-582-8142,9448 Cherokee Parkway,63
64,Ettore,ehymans1r@cbslocal.com,dzxuXp,432-483-3140,9116 Northview Park,64
65,Teriann,tgirdwood1s@yellowpages.com,enO0ZCmst,441-812-2105,79059 Blaine Point,65
66,Aubrie,aclemow1t@walmart.com,O4NJsnD3vU,232-652-4065,2384 Helena Lane,66
67,Neal,nolyff1u@behance.net,lELM1YXp5,545-362-9161,8554 Stoughton Street,67
68,Jennilee,jayree1v@reference.com,E8lsW6rdOT,609-987-6611,4975 Tennyson Circle,68
69,Harriot,hcheese1w@wordpress.com,gbCztyE0q,464-988-5070,9 Northfield Alley,69
70,Jeanine,jparade1x@skype.com,fmEJxh09Tj,521-496-2373,80 Dawn Crossing,70
71,Hersh,hberks1y@bloomberg.com,U5uqpe,509-845-9956,8601 Wayridge Point,71
72,Doria,dvondrach1z@bandcamp.com,EsFkbDAvj,281-176-0289,23 Starling Plaza,72
73,Brande,bambrosch20@over-blog.com,TeXACNw,917-431-3143,7119 Canary Parkway,73
74,Jackelyn,jconen21@redcross.org,pycAqjT60,465-843-5632,5 Eagle Crest Pass,74
75,Maighdiln,mbritney22@nymag.com,AkKbl5pqr,412-895-3684,5594 7th Place,75
76,Annalee,alartice23@omniture.com,5NMhCnC4a6TQ,915-119-3679,2 Nevada Parkway,76
77,Phillip,ptulleth24@sina.com.cn,NPm5dt,924-532-2808,4 Esker Parkway,77
78,Thurstan,trottger25@princeton.edu,5lup981cLVOt,631-972-5786,23 Grim Pass,78
79,Gabby,gveivers26@pbs.org,DMboJoh8Ut,255-487-0336,2468 Kennedy Way,79
80,Lawrence,lfletcher27@si.edu,EWayg0EYdFXj,205-279-7948,899 Briar Crest Pass,80
81,Arnold,apidgeley28@elpais.com,aNOaOmKpsT,795-319-0488,782 Warrior Court,81
82,Ethelred,eogley29@gov.uk,deeCqk9,786-289-8646,4 Kim Park,82
83,Kesley,kcaseley2a@behance.net,nIAodliWUz,779-461-5073,6 Mockingbird Hill,83
84,Risa,rgartell2b@themeforest.net,EM3ZIaBL6p,834-687-3190,656 Arapahoe Avenue,84
85,Felita,fsmedley2c@umn.edu,pUbpMkGn,387-825-9680,71 Petterle Place,85
86,Chiquia,cmckerley2d@qq.com,kMX7AORVAv,806-335-6460,609 Nelson Trail,86
87,Florence,fdeleek2e@freewebs.com,eZwGXJoDnU,658-824-2639,08738 Express Plaza,87
88,Galina,gcalf2f@feedburner.com,H8m16nawbNwo,223-228-3343,32927 Bayside Court,88
89,Kiersten,kmalin2g@fema.gov,NFNcytvPDS,821-906-9212,65 Heath Trail,89
90,Merci,mmcilheran2h@altervista.org,V8If5QfRk03,974-251-3026,76 Judy Point,90
91,Bink,bdalling2i@utexas.edu,qipYTex2,496-221-9520,73 Katie Park,91
92,Bruno,bdanielli2j@dyndns.org,Tqf5dX,932-562-7302,2 Macpherson Parkway,92
93,Christoph,ctschirschky2k@china.com.cn,HzUNVt,979-595-5905,0 Moland Road,93
94,Micky,mcandwell2l@noaa.gov,r8K54jgbaJF,423-810-7174,429 Elka Pass,94
95,Alta,astitch2m@unicef.org,7cxHlv19sWLN,563-247-2868,81 Emmet Crossing,95
96,Bliss,bbowart2n@about.com,Dn8tIV32Z0Tu,579-747-9543,27932 Dexter Plaza,96
97,Lancelot,lmagee2o@dagondesign.com,oH0FeB4,125-253-7457,321 Anderson Terrace,97
98,Abrahan,apothergill2p@noaa.gov,56MhpCQO,101-877-0461,46366 Marcy Trail,98
99,Sterne,sbeauchamp2q@fda.gov,MrZPq0w6,320-206-0559,935 Independence Terrace,99
100,Berenice,baizikovitch2r@1688.com,hdf71WfXsZ,739-254-1503,9 Springview Plaza,100
101,Carolyne,cbiddulph2s@ftc.gov,HrdGFAQDTrp,844-277-7953,5553 Eastlawn Trail,101
102,Lorilee,lwillingam2t@tinyurl.com,i6KTqIzSUsK,320-903-9949,5948 Westend Alley,102
103,Riccardo,rflood2u@php.net,J7SautzO9,629-931-6430,48 Hudson Place,103
104,Evyn,erobertacci2v@ucoz.com,HPZN2ghmYTP,431-859-7331,4 Stoughton Drive,104
105,Silvain,shalsworth2w@virginia.edu,ULtoLpJ27,846-236-1778,494 Tennessee Lane,105
106,Marcelle,mgratrex2x@about.com,RVq8dlb5,226-992-8738,74 Artisan Court,106
107,Margaux,mjandel2y@google.it,fQirrCldoHdH,604-711-0632,40 Scott Pass,107
108,Minda,msenior2z@1und1.de,W0jR2xTpt,880-314-2976,42 Longview Street,108
109,Richardo,rmcguiness30@surveymonkey.com,XbeApO3,508-331-8659,9 Loftsgordon Circle,109
110,Jeffrey,jrigmand31@csmonitor.com,0YpRtHs63,259-797-1864,997 Eagan Center,110
111,Artur,ably32@over-blog.com,A9pflhOyEucc,100-240-5307,9578 Fieldstone Point,111
112,Cleo,clicciardello33@cam.ac.uk,hfthHZVCU,217-904-6450,91 Acker Trail,112
113,Joann,jwiltshier34@sbwire.com,cTJVR8xN3h,335-486-1525,61645 Gerald Hill,113
114,Sherm,sbartolomeu35@baidu.com,1iu3gCZ,231-987-7114,2271 Atwood Court,114
115,Alia,amcrinn36@nih.gov,GLuvrw1lATwp,502-951-9897,052 Nelson Parkway,115
116,Leonardo,lfaire37@sogou.com,jFMe6DRYe1Ml,832-543-3120,90 Melody Avenue,116
117,Jennette,jvallery38@joomla.org,jYQuFMmy,805-133-1998,500 Ridgeway Way,117
118,Bay,bsplaven39@cdc.gov,mnLRS0,572-370-4455,88 Jackson Terrace,118
119,Bailie,bstronach3a@archive.org,8B4vlBAh,160-103-5072,010 Cody Road,119
120,Penelope,phassey3b@elegantthemes.com,8gOuakOQ,659-814-8679,0 Maple Wood Terrace,120
121,Elsbeth,espick3c@ovh.net,fnvfYiy7P9,287-544-5934,73 Loomis Center,121
122,Alf,asizey3d@vinaora.com,0AKzGnSHjm,965-486-1947,2 Shasta Road,122
123,Melisandra,mspellman3e@samsung.com,pS25OZ8nuu,606-350-4904,63626 Declaration Terrace,123
124,Trip,tcasaccio3f@comcast.net,I0DuUB2Nfq,775-956-9592,96 Morning Circle,124
125,Serge,szincke3g@gov.uk,PEHTIC,193-603-8376,18 Pierstorff Avenue,125
126,Willem,wruperti3h@bluehost.com,6Cg7nC,718-321-8797,846 Farwell Lane,126
127,Lacey,lchopy3i@deliciousdays.com,fXlTZNWRHRLV,200-526-7300,77764 Blackbird Pass,127
128,Rora,rjaffra3j@facebook.com,nyXvE3ji2r,860-511-2758,6162 Cambridge Place,128
129,Sybil,sbrenstuhl3k@marketwatch.com,PXoSmgpMS6b,636-836-1976,258 Crownhardt Pass,129
130,Elana,etaggett3l@springer.com,VWkH06RG,828-400-4682,545 Mifflin Alley,130
131,Maggi,mealles3m@about.me,ATTnNgf8,551-817-5026,0 Armistice Center,131
132,Andy,akingswood3n@1und1.de,ySw6P7L,760-844-6866,3672 Schlimgen Plaza,132
133,Wait,wmattin3o@hhs.gov,gpRirKBHW,158-122-6533,7119 Texas Alley,133
134,Ermina,esurgeon3p@spiegel.de,NR33RePJ50,572-695-1039,813 Warrior Way,134
135,Nata,nodo3q@mysql.com,WYzBp1NKP4,547-828-9063,7 Rigney Drive,135
136,Jillayne,jwearn3r@washington.edu,XM0igfv,392-259-0926,77190 Oakridge Place,136
137,Amalea,aeburne3s@ask.com,ppynjPvUw5s,146-639-5155,6 Northwestern Drive,137
138,Lishe,ltrulocke3t@illinois.edu,r1GR5320dL,119-891-5693,53 Manley Plaza,138
139,Libbi,ldeniseau3u@hugedomains.com,gqm2kpJiviYR,581-610-0150,73546 Goodland Junction,139
140,Florentia,fgoley3v@wordpress.org,dBUtlEwL1Q,166-765-4181,745 Village Junction,140
141,Gaby,gwhenham3w@fastcompany.com,q0CTWnv,362-523-6827,16486 Delaware Place,141
142,Kale,khansod3x@reverbnation.com,a8nSg3AT,676-773-3845,16303 Blaine Terrace,142
143,Duff,dcholonin3y@slashdot.org,3JpM4l,454-487-2046,14267 Main Center,143
144,Bertine,bheijnen3z@auda.org.au,H6VcxQMf,763-419-5858,707 Sunfield Terrace,144
145,Brittaney,bkestell40@yelp.com,iryEa4HCXA,727-255-2382,7133 Victoria Point,145
146,Suzie,sbranche41@mysql.com,TOB6eDUhL,789-727-6814,173 Scott Road,146
147,Drew,dsumers42@issuu.com,UHVnoK,358-424-3021,42195 Loomis Way,147
148,Donielle,divanenkov43@last.fm,tGrgmq,164-596-0674,9295 Crescent Oaks Point,148
149,Kincaid,kclew44@indiegogo.com,95Q7xyfopo,710-956-5739,75 Fairview Circle,149
150,Lucretia,lfulep45@mtv.com,UBbo2LNHD,138-222-5744,619 Walton Crossing,150
151,Salaidh,sballing46@com.com,h3TrdHknIZ,230-483-9383,86686 Kennedy Center,151
152,Lisa,lleathem47@europa.eu,KgkZVi,600-235-8050,88 Anniversary Terrace,152
153,Glenden,gfurmage48@de.vu,oYlaWsY,400-640-4996,4481 Tennessee Street,153
154,Niall,ngladdish49@hugedomains.com,UmC1IasiO,956-897-5862,36068 Scott Court,154
155,Giuseppe,gpriestner4a@jiathis.com,cCq4vm,842-296-9895,62723 Gerald Plaza,155
156,Elvyn,eisaq4b@redcross.org,i6PPSDDzij9P,494-708-1544,9 Paget Way,156
157,Rourke,rmarks4c@state.gov,fhoLLg9xV,476-911-0140,334 Talisman Pass,157
158,Sullivan,sketteringham4d@ovh.net,IrmKTu,163-527-7838,230 Manitowish Alley,158
159,Heindrick,hlowdwell4e@smugmug.com,9AohyKgFm2JR,240-773-0545,1 Basil Pass,159
160,Evyn,ekeuning4f@de.vu,plE6egSRYn,822-646-8220,283 Anderson Avenue,160
161,Elke,esnoday4g@whitehouse.gov,QPj1arZ,996-368-5411,0875 Fairfield Place,161
162,Edgar,erosenthal4h@naver.com,asN5rw0,886-957-1163,48 Oak Valley Pass,162
163,Silvia,sstrotton4i@newyorker.com,24XT94y7,701-418-1779,27559 Charing Cross Place,163
164,Clarette,carguile4j@freewebs.com,1sWufJiQ,520-144-2878,198 Linden Drive,164
165,Lorin,lserginson4k@domainmarket.com,y94W0sBkZZC,896-652-4110,0308 Oneill Road,165
166,Prince,ptilzey4l@themeforest.net,089953wk4,224-484-5197,4146 Eliot Place,166
167,Shaw,sdeacon4m@ucoz.com,mDoWE7GuY,782-569-1324,2 Red Cloud Avenue,167
168,Flore,ffrazer4n@jimdo.com,bQGq3Qru,618-880-1667,26204 Jana Crossing,168
169,Manon,mmatuszak4o@spiegel.de,W4JTXvALrJi,623-804-6819,607 Fieldstone Avenue,169
170,Thebault,tvanthoff4p@reddit.com,VTvU6vz,118-623-1091,05061 Mesta Alley,170
171,Roscoe,rwiper4q@bbb.org,VF8sI4YgJu9,720-611-6377,1345 Shoshone Lane,171
172,Tasia,twilford4r@mashable.com,eBx8BPb,148-704-8157,5598 Toban Pass,172
173,Angelica,ajandera4s@storify.com,3BS7Ca,201-548-8702,970 Bobwhite Parkway,173
174,Lyon,lrattry4t@vistaprint.com,YHPLIcNuLQ,937-231-9516,8788 Mayfield Crossing,174
175,Leon,labrahm4u@usda.gov,SM9tFE9ADtV,328-436-5618,813 2nd Crossing,175
176,Gonzalo,garundel4v@dropbox.com,yAkRxlD0,389-932-0824,631 Longview Way,176
177,Moreen,mtenbroek4w@bloglovin.com,lwozOpY,489-574-7482,3 Hanover Center,177
178,Park,pjeness4x@bluehost.com,IOMP9Pf,819-116-8884,810 Pleasure Plaza,178
179,Arleyne,aghirardi4y@ucoz.ru,iB3JV1b,115-219-0238,995 Bonner Pass,179
180,Tiertza,tcraney4z@ca.gov,hps3U7LT,191-905-8212,91963 West Pass,180
181,Enos,eryal50@github.com,wrTlPnukZ,951-940-7556,2577 Meadow Valley Avenue,181
182,Harris,hcrummey51@latimes.com,WPXYjd2iIV,148-744-7269,1965 Waywood Court,182
183,Jenine,jlau52@reuters.com,91rL4ti,625-700-5604,79487 Hanson Street,183
184,Arney,askirvane53@yale.edu,wXODI5KH,484-620-8297,45 Eastlawn Drive,184
185,Angus,abye54@yellowbook.com,E30RRGX8m,585-415-6084,1 Merchant Center,185
186,Tiffie,thendron55@wordpress.org,kc1pbQOR,857-268-9945,7820 Rusk Place,186
187,Barry,bbrine56@mayoclinic.com,p41pL0xmwYv,238-910-0028,02 Hermina Parkway,187
188,Caldwell,cshakshaft57@bloglovin.com,l7DQedbqtnt,402-521-8465,8 Rieder Circle,188
189,Barnaby,bfrostdick58@1und1.de,hkkbtuuzY,673-583-0565,38 Maple Alley,189
190,Leonid,ljordison59@wisc.edu,bYtU1EHzM,357-850-7289,3609 Browning Junction,190
191,Babb,bulyatt5a@geocities.com,t4bDUo33c,419-241-6150,95254 Muir Road,191
192,Terrie,treedshaw5b@sphinn.com,jaVpQHt3,331-736-6293,2784 Messerschmidt Pass,192
193,Linette,laizik5c@booking.com,BMXUNDNMP,384-523-4456,07512 Nevada Crossing,193
194,Carlina,carsmith5d@symantec.com,rC7vMb18j,626-891-1956,3 Barby Road,194
195,Helyn,hgresch5e@nasa.gov,QtI1aaTraIVe,325-107-8506,92 Waubesa Drive,195
196,Doralia,dpechell5f@mozilla.org,FxKo92bAJTj,985-478-6366,5479 Rusk Road,196
197,Fidelity,fwoolfenden5g@japanpost.jp,sAnJdPP8,836-437-8928,72814 Debs Avenue,197
198,Garrick,gbellham5h@narod.ru,pduzSm6,936-917-7367,9650 Hooker Avenue,198
199,Miranda,mfoucher5i@wp.com,zm2CDlcGKJaM,695-427-6503,1728 Dahle Pass,199
200,Moyra,mkiltie5j@jalbum.net,CsS9XG7P,801-726-8814,4 Village Center,200
201,Hyacinthe,hgoodlad5k@dion.ne.jp,rJUEaCYylX1Y,422-395-1811,73510 Jackson Center,201
202,Raynell,rdaly5l@illinois.edu,n2IFqx7ZSx,910-213-8177,9 Drewry Road,202
203,Gregoire,gadamou5m@marketwatch.com,pptiQjEz7P4,907-516-5227,479 Schlimgen Street,203
204,Ira,imcmurrugh5n@cdc.gov,aCMSdMBeR,963-371-2470,60 Lukken Plaza,204
205,Sayre,sgerred5o@gizmodo.com,TsTS3UU,479-226-9565,0 Steensland Point,205
206,Bertram,brupp5p@unicef.org,Syupg20FWp,444-970-7543,8 Arapahoe Drive,206
207,Hayley,hgurnay5q@bizjournals.com,v02sWm0,975-803-8443,17 Carioca Court,207
208,Karine,kdahlberg5r@blog.com,jfsRIOlQwq29,910-686-1825,970 Novick Park,208
209,Kitty,kswede5s@guardian.co.uk,LSyrb9bgXkW,933-941-9648,452 Raven Point,209
210,Roderigo,ralbrighton5t@bloomberg.com,PIqugtqeI30,233-296-5151,7422 South Parkway,210
211,Albertine,aeyrl5u@last.fm,mv3AIEi0PU,433-968-0528,15 Manitowish Point,211
212,Tildy,tholdall5v@intel.com,rsBkFfN,449-180-9884,88023 Butterfield Lane,212
213,Maurits,mmcginty5w@alibaba.com,DJLjANzWF,216-133-3575,9703 Fisk Drive,213
214,Carolann,ctrigg5x@google.ru,Qgg247W,323-307-2140,361 Summer Ridge Drive,214
215,Candida,cgluyas5y@aol.com,VosdwUekfA,383-217-1432,03 Thierer Circle,215
216,Dorella,dbreston5z@gmpg.org,dWQak5enY,663-963-4311,1912 Monica Hill,216
217,Gwenette,greadwood60@forbes.com,7rQPKCoCjPON,549-685-5163,0 Namekagon Center,217
218,Zeke,zdormer61@globo.com,q0rLt54iXnep,499-218-3564,8935 Doe Crossing Hill,218
219,Ree,robrien62@omniture.com,2VWK3V,500-317-8409,93805 Pawling Crossing,219
220,Glori,gtwell63@blog.com,wxnSQW5HD4w,356-919-8781,193 Bartelt Crossing,220
221,Bay,bhuglin64@auda.org.au,LYA5HXK5fwi,805-197-9913,8131 Dryden Parkway,221
222,Faydra,fmoine65@wired.com,w4tMXG,883-118-7823,905 Golden Leaf Center,222
223,Ansley,acharge66@ucla.edu,dhEGOw4X9iwS,378-557-8816,06276 Sunfield Circle,223
224,Terrance,tadhams67@nih.gov,3m9FC3bEpewI,386-416-4690,36472 6th Pass,224
225,Bunnie,bperigeaux68@miibeian.gov.cn,R1JuwpkfS,964-992-9741,5 Tennyson Court,225
226,Yehudit,yitzkowicz69@bravesites.com,QiDdmxYHYNe,647-201-3354,3694 Evergreen Point,226
227,Codee,cstiegar6a@unicef.org,nlUCbR,840-500-0369,4 Starling Terrace,227
228,Eunice,eyurin6b@mayoclinic.com,cQQiTMrmnQA,570-666-1856,9 Myrtle Road,228
229,Koenraad,krealff6c@answers.com,rZxnrn7lfK,490-215-9304,6 Miller Plaza,229
230,Julie,jlonghi6d@geocities.com,nqNKENvC,376-455-9699,67394 Petterle Drive,230
231,Averil,akrystof6e@cocolog-nifty.com,JURnezDhYC,252-636-5360,7792 Kropf Trail,231
232,Aline,adevaan6f@macromedia.com,glG0Cx6H,515-972-8197,98 Veith Avenue,232
233,Patrizia,pgiorgini6g@friendfeed.com,l3t1w95G7,104-432-1489,7 Donald Court,233
234,Siffre,stheakston6h@skyrock.com,f3cTAfCUN5x4,415-876-5856,85161 Commercial Point,234
235,Lauri,lbeaven6i@army.mil,ZmZwXKI7JMoH,145-738-9915,7 Stuart Hill,235
236,Mikaela,mlarvent6j@skype.com,YC8b3vb,932-910-4219,226 Ruskin Place,236
237,Kerby,kgillanders6k@aol.com,lBVnBO,374-447-8898,7918 Clarendon Circle,237
238,Wain,wholmyard6l@wp.com,yITNUC,406-945-8293,5538 Pierstorff Circle,238
239,Chrissy,cberks6m@bigcartel.com,WYvLC5,743-469-8847,42 Northport Drive,239
240,Parnell,pdicty6n@google.pl,77a7K4RMGwIm,732-724-7736,8 Eagan Junction,240
241,Sydney,sbirchenhead6o@google.nl,HR9YP7LFvY,372-350-9127,31 Westridge Circle,241
242,Cindi,cfolliss6p@topsy.com,DWXwbAI0,144-774-2763,8 Eliot Court,242
243,Marysa,mblackmore6q@comsenz.com,cgfMS4BB3eq2,749-899-7916,3 Beilfuss Avenue,243
244,Vanda,vromans6r@hostgator.com,UifUw9fn,581-631-8984,52010 Gerald Court,244
245,Raff,rratray6s@tripadvisor.com,aamAR5pqeo,420-572-8598,8 Lunder Center,245
246,Isidora,illoydwilliams6t@mapy.cz,a5u4PWqOg,122-978-6977,30 Hauk Junction,246
247,Lem,lholdworth6u@usa.gov,uoZl7Ikt,476-534-2603,787 Macpherson Drive,247
248,Ric,rpeirson6v@businesswire.com,PL6NJCsO,147-475-1378,27 Victoria Parkway,248
249,Windy,wjanicki6w@privacy.gov.au,fxodfiV,314-111-7595,484 Corben Park,249
250,Luci,lderrick6x@nsw.gov.au,OLZX2Xr,637-631-2772,5 Cascade Center,250
251,Esme,edemitri6y@ucsd.edu,mf2CKaNpP9,155-473-4296,34 Waywood Lane,251
252,Jess,jshrimptone6z@apple.com,h371HsiO,902-685-2095,5507 Mcguire Place,252
253,Frankie,ftimeby70@pagesperso-orange.fr,94Sgp1xGsqe,764-464-0806,14 Springs Plaza,253
254,Hamilton,hberford71@businessinsider.com,RaFTknh2oiU,993-141-1886,699 Southridge Parkway,254
255,Kaspar,kwrixon72@smh.com.au,z9AQzX5mKeP,808-495-1207,8770 Forster Circle,255
256,Chucho,clevins73@wikimedia.org,F6jUL3dz,808-380-1990,2 Dixon Junction,256
257,Ruggiero,rbollom74@dot.gov,hxfLBUqV8,666-705-4130,17177 Gina Center,257
258,Celesta,cciciotti75@accuweather.com,lO5Gzdc1l,387-608-6057,187 Forest Run Park,258
259,Cecilla,cvoules76@icio.us,hMmkfk6,953-780-9066,35 Magdeline Court,259
260,Tarrah,tmattiuzzi77@netscape.com,pH1gmphIghVf,115-169-0558,1222 Melvin Park,260
261,Arnold,agrichukhin78@jigsy.com,OFqw39B,617-327-6680,7 Park Meadow Hill,261
262,Cristabel,cdyett79@chron.com,MGLh2WnH2,828-915-2936,4 Aberg Avenue,262
263,Celisse,cfoort7a@cargocollective.com,2kZbha,123-560-0418,8 Main Way,263
264,Raquel,rceeley7b@biglobe.ne.jp,9rJ1eVNdJd,164-401-5124,44809 Ramsey Lane,264
265,Carina,cbangs7c@studiopress.com,yAw5wh,834-865-3897,14 Starling Center,265
266,Nevile,nharbisher7d@odnoklassniki.ru,F2p4O44,368-374-2525,2375 Boyd Pass,266
267,Cointon,clezemere7e@dropbox.com,UNSKCDk5wUT,588-208-0451,2100 Carioca Hill,267
268,Faustine,ftither7f@examiner.com,VBkSOFRf,680-215-2817,0 Fairfield Point,268
269,Fania,fjolley7g@walmart.com,VeRHEjzB0X3B,463-514-3715,046 Boyd Way,269
270,Daniele,dpoe7h@newyorker.com,6Zp4mA8DFQU,520-539-2096,2 Scott Avenue,270
271,Aube,aduxbarry7i@state.gov,RNP21NNOWs,524-596-7845,851 Paget Center,271
272,Ag,atraves7j@walmart.com,Pfa7VMs,512-438-8944,6 Thierer Hill,272
273,Caroljean,cmacpeice7k@tinyurl.com,Cndawj31MY,313-171-0924,495 Judy Junction,273
274,Kerwinn,kdacosta7l@stumbleupon.com,fio2qF7i,406-831-5377,7 Oxford Terrace,274
275,Jenda,jqusklay7m@nyu.edu,VyMfAQ,134-635-2789,3882 Forest Run Street,275
276,Verena,vwise7n@studiopress.com,dvxU8SurZ,289-797-5283,0 Rigney Drive,276
277,Hurleigh,hlepard7o@china.com.cn,oHw31aLx4T,694-985-3138,58 Milwaukee Center,277
278,Humfried,hhaggleton7p@webmd.com,6ZzhaTZrEZtI,652-574-6552,68 Cherokee Pass,278
279,Lorne,lboyington7q@europa.eu,qELfahF,888-579-5471,93 Division Place,279
280,Midge,mshaudfurth7r@netvibes.com,RfrJhJXBn6k,264-606-1889,09 Fuller Plaza,280
281,Siegfried,smannin7s@youtube.com,3jEGVVyJ,203-176-5275,0 Ludington Place,281
282,Lorain,lcovey7t@whitehouse.gov,2vib3Ha,238-742-6681,512 Hayes Parkway,282
283,Morley,mbourhill7u@linkedin.com,E0eN6l987b,132-662-6224,2613 Drewry Crossing,283
284,Willy,wepinoy7v@ezinearticles.com,lZXCjwCu,891-367-5615,10 High Crossing Avenue,284
285,Thebault,tdriutti7w@earthlink.net,EZ0EAW5l,630-559-0078,8886 Brentwood Park,285
286,Colin,ckuhnhardt7x@cafepress.com,kZ9f5J0,682-724-5682,4 Crowley Plaza,286
287,Tim,tangier7y@jugem.jp,fTsLUYN4,357-458-6621,36 Hintze Crossing,287
288,Ranee,ramey7z@china.com.cn,izSbspfbLO,672-389-6338,4 Mcbride Point,288
289,Faith,fnotley80@networksolutions.com,UsLeU8n,864-886-3980,42 Moland Avenue,289
290,Irena,isilwood81@delicious.com,DjTeiRF,631-888-0038,3525 Springview Avenue,290
291,Gray,gantunez82@exblog.jp,j4wTlyYA,255-899-7221,28 Moose Park,291
292,Sofia,spigram83@youku.com,w4gGyiekCG,145-873-0860,4 Chive Court,292
293,Pollyanna,ptomaskov84@answers.com,DXLjgrqm,479-234-5702,58453 Glendale Road,293
294,Edeline,elincey85@ask.com,mQZIrX0PWsZ,707-545-8026,35865 Debra Lane,294
295,Auguste,anicholas86@fema.gov,oJQHYBGtV,722-668-8244,570 3rd Hill,295
296,Ogdon,opaddick87@last.fm,9fdEH8l8Pq,545-966-3293,6 Truax Point,296
297,Vivia,vthresh88@1688.com,uUzwuXHRZTo,236-269-7967,751 Fairfield Parkway,297
298,Raimund,rtamburo89@google.co.jp,tHBEsUgkhvyl,688-731-5780,6 Schlimgen Trail,298
299,Lorelei,lrenne8a@latimes.com,Wnazjh,337-992-7424,77018 Havey Trail,299
300,Jeanna,jhutten8b@barnesandnoble.com,XfkSXVR,314-234-5513,75237 Miller Avenue,300
301,Sibyl,smagnar8c@dot.gov,6z27u2uO,260-814-0961,73 Bowman Place,301
302,Eugine,ehessenthaler8d@chicagotribune.com,lyR9ldc,314-723-3499,99227 Sugar Lane,302
303,Kelby,ksetch8e@umn.edu,LlmEY7zX1t,858-499-1269,40734 Paget Point,303
304,Muffin,mlaudham8f@cisco.com,xTriEJp006Rd,970-576-5127,4 Sundown Parkway,304
305,Willow,wwyllt8g@bloglines.com,0UHnGS,880-394-6156,021 American Ash Street,305
306,Leda,lbolens8h@blogger.com,RkS47S1I6,718-967-6272,66 Ohio Junction,306
307,Sven,sswate8i@nsw.gov.au,Io3tz9vkeZJf,186-105-7504,86603 Lindbergh Center,307
308,Waite,wmathonnet8j@networksolutions.com,WuirxzKzq00,516-582-6370,9 Hagan Park,308
309,Wainwright,wtzuker8k@wisc.edu,XCxbAbeq,111-935-2205,08 Holy Cross Drive,309
310,Hurleigh,hhattersley8l@reference.com,edukvbQQGqSh,329-680-6706,912 Rowland Drive,310
311,Dru,dyvon8m@tripod.com,Rr91gB,683-632-8300,8 Tennessee Avenue,311
312,Gussie,gstyant8n@hao123.com,ugczZpKZPv,108-684-6100,79 Jay Avenue,312
313,Linnet,ltace8o@businessinsider.com,h3tMnUo,368-175-7746,0796 Colorado Court,313
314,Theresina,tpresslie8p@psu.edu,Ccr51hxM,755-522-0545,8 Fairfield Street,314
315,Trumaine,tjakeman8q@adobe.com,sXGssfd,921-999-6024,230 Chinook Avenue,315
316,Jan,jrudman8r@nytimes.com,y2SKeqBp6TQB,208-168-9958,83 Sage Junction,316
317,Garrik,gsemiraz8s@msu.edu,MHqXdlh,351-595-7130,1364 Lakewood Crossing,317
318,Wynne,wfryer8t@google.com.br,cWBF5PG,732-428-9891,4 Mifflin Point,318
319,Clara,cwatsonbrown8u@csmonitor.com,cfNWTpMYRWe,270-529-5763,179 Heath Drive,319
320,Ariel,akrier8v@archive.org,txNzDdWdAMAk,221-568-5784,199 Glacier Hill Lane,320
321,Wyndham,wmccrillis8w@prlog.org,zueFg5IB,570-310-2797,05256 Huxley Way,321
322,Cary,citzhak8x@washingtonpost.com,tqbWmrW44d,623-246-7624,907 Paget Circle,322
323,Rahal,rrawcliff8y@jimdo.com,0cqIWH,356-454-0188,89 Utah Plaza,323
324,Carmina,cclaydon8z@macromedia.com,lOwJxoqun,717-228-2133,0999 Truax Center,324
325,Beryl,blambourn90@ibm.com,hQPBLnRnznc,950-245-1898,07 Farragut Place,325
326,Ker,klarchier91@zimbio.com,qfT9fRFej,417-532-3964,8 Independence Way,326
327,Saloma,smacconchie92@jugem.jp,3qFsEQh,945-120-7521,16780 Helena Center,327
328,Berti,bjolliff93@un.org,pdzmnBUrRz,746-454-2722,48 Morningstar Road,328
329,Andrej,abrosel94@msu.edu,CfLpKVJkjzy,566-435-5495,60 Transport Way,329
330,Morgana,mmatveichev95@linkedin.com,QQPouizKZ,607-117-5568,7355 Bultman Place,330
331,Herbie,hpamplin96@nifty.com,qu9Cb7w,443-703-8396,22028 Buhler Trail,331
332,Stephannie,shannon97@cyberchimps.com,SMWwckz28GJ3,441-651-5878,29934 Scofield Way,332
333,Ruthann,rfolomkin98@china.com.cn,2OKKIiEc,537-584-7257,3820 Nevada Crossing,333
334,Sibley,sgullam99@histats.com,a7RM3smlL25W,604-227-8699,5282 Montana Crossing,334
335,Luelle,lthorburn9a@accuweather.com,tBP3pG4J,614-478-8531,21716 Village Green Lane,335
336,Adelaida,acopestake9b@wordpress.com,M7jsc7AIAB,240-512-3959,49868 Bunting Way,336
337,Tremaine,tboult9c@altervista.org,WMCHQWV7,181-351-7986,7 International Place,337
338,Ericka,ebromidge9d@boston.com,DgT8AUlYKKVG,670-797-7200,5 Hovde Drive,338
339,Wanids,wmonketon9e@plala.or.jp,lKPTEbI,881-916-9090,5 Grim Trail,339
340,Adan,amacvey9f@ocn.ne.jp,Uv9tFGgD4,854-229-1006,8560 Boyd Court,340
341,Kitty,kkilian9g@cbsnews.com,SE9DKmEihT,692-472-0279,7 Glendale Court,341
342,Ernesto,eduferie9h@msu.edu,Kcr0WFZ,424-191-8648,7 Atwood Circle,342
343,Greta,glevington9i@51.la,VSn9fodab78,186-293-0559,6364 Loftsgordon Junction,343
344,Bertie,bfadian9j@toplist.cz,MSK1u48L,857-104-3431,14362 Eagle Crest Avenue,344
345,Cymbre,csantus9k@google.ru,L6FnS65R1G,684-230-2010,836 Memorial Junction,345
346,Ginelle,gcomfort9l@weebly.com,m6bFIAQrUO0R,337-660-5636,7056 Erie Hill,346
347,Stanford,spentycross9m@ameblo.jp,4SNEFbyzWP,109-311-0238,44 Katie Place,347
348,Sabine,srampling9n@arizona.edu,zlU9o1Dpr0,759-570-2019,90841 Menomonie Avenue,348
349,Bonny,bmetson9o@go.com,OsuljxDF7,745-290-1763,175 Shelley Center,349
350,Derick,dthurley9p@people.com.cn,qRbCqCNo4H,195-246-2913,4 Debs Pass,350
351,Margret,moakinfold9q@jiathis.com,bdG3LMF,371-661-9409,09710 Talisman Terrace,351
352,Fabio,fboshers9r@berkeley.edu,9EUClGMs,747-263-2424,20 Bellgrove Road,352
353,Farra,fdehaven9s@fc2.com,tX3aQuGr3,787-349-3421,5 Burning Wood Terrace,353
354,Abrahan,agregolotti9t@wix.com,KBBtHUG8,742-557-2880,6 Village Drive,354
355,Wilow,wtommis9u@tumblr.com,pbE9wc,952-222-3095,9 Oneill Point,355
356,Eolande,ecowlas9v@thetimes.co.uk,xtYR1aF,563-582-9497,4 Steensland Trail,356
357,Spencer,spardi9w@upenn.edu,uMwPEXK,720-385-2318,5046 Nova Court,357
358,Dahlia,dkyme9x@forbes.com,o2Xg15o,334-648-5875,6 Hollow Ridge Place,358
359,Harmon,hponten9y@blogs.com,Z2auARPexp1M,809-272-1113,28063 Holy Cross Hill,359
360,Zaneta,zletessier9z@arizona.edu,GjwLhg,954-708-2003,37 Sherman Hill,360
361,Phil,prabbea0@google.fr,0L0y2oD3V5,463-380-7506,23 Pleasure Center,361
362,Emera,ethoumasa1@rakuten.co.jp,GfyRvg1S5N3,996-635-7815,774 Corscot Court,362
363,Inez,irushbya2@deviantart.com,k8eVkv0B,647-837-7867,14285 Iowa Center,363
364,Darell,dgolbornea3@census.gov,NzQI1WqJqV,860-749-9851,4 Meadow Ridge Park,364
365,Ashleigh,adenslowa4@hp.com,gx4SOvUq14M,242-629-1980,8976 Rieder Plaza,365
366,Darsie,dscamerdena5@sohu.com,uG5vkMEjTrKj,486-334-0014,6 Becker Circle,366
367,Gustaf,gchippina6@whitehouse.gov,musE4on,620-819-2359,7 Rigney Place,367
368,Anne-marie,abonicka7@umich.edu,ElNbYYmIdF,187-993-5635,1 Heffernan Alley,368
369,Joanie,jhalliwella8@gov.uk,deg0hSCtn,712-311-2006,44 Susan Road,369
370,Lilli,lletticea9@1688.com,ds7gSTDyhWA,230-460-2995,154 Messerschmidt Plaza,370
371,Eugine,eghidelliaa@163.com,avIGuUcE,494-572-2529,9 Superior Road,371
372,Chadd,cbillhamab@nsw.gov.au,pOpxLQ2TQ,888-419-1493,3 Calypso Drive,372
373,Barclay,bgarlandac@webeden.co.uk,J4aVgaX2L,515-173-0751,969 Pine View Street,373
374,Linzy,lkonzelad@photobucket.com,S6YICI,415-737-6025,82 3rd Terrace,374
375,Abie,agolledgeae@yandex.ru,yD3cUK,383-697-6281,18 American Ash Terrace,375
376,Brant,bboffeyaf@sourceforge.net,bAs2nbMAy,693-620-4572,093 Miller Court,376
377,Launce,lsticklesag@dropbox.com,T4qIqEsV1m,180-512-8098,6 New Castle Drive,377
378,Raul,rburgherah@yale.edu,zEGA0nMm,380-842-3271,7 Waubesa Junction,378
379,Clair,cmunkleyai@google.co.uk,OQMkAF,653-868-7464,5195 Sachtjen Way,379
380,Aila,atorticeaj@ameblo.jp,XJIqOgq,305-982-6117,51 Westend Alley,380
381,Corinne,cswancottak@photobucket.com,9Kf6q3Vx6uh,785-654-3099,79376 Scofield Plaza,381
382,Colleen,cteresseal@amazon.com,50Ak88lj,381-807-8027,3 Haas Alley,382
383,Janenna,jboddieam@army.mil,wYPBsjqA,123-489-4013,888 Elmside Pass,383
384,Elenore,escottinian@sogou.com,rtEt9c,993-398-0961,2776 Ridge Oak Center,384
385,Ernestus,erosarioao@mediafire.com,uomN07NQAl4,989-626-2479,85300 Independence Way,385
386,Sybila,spresdieap@washingtonpost.com,fpP5Yil7,437-996-3275,518 Tennyson Avenue,386
387,Clevey,cjoynesaq@rambler.ru,LzyKRHphc,439-389-6382,9 Elka Plaza,387
388,Shannon,srizzettiar@tuttocitta.it,rEcW0t,255-175-7511,08 Namekagon Parkway,388
389,Kasper,ktetsallas@oaic.gov.au,pyI2FGyuqWJ2,253-328-7688,705 Meadow Valley Terrace,389
390,Gretel,gcharopenat@guardian.co.uk,sTyp1b7xV,138-769-9327,76 Fulton Plaza,390
391,Lisabeth,lfrancescozziau@ted.com,RQJF0hMu7R,484-661-9711,521 Starling Circle,391
392,Clayton,cthreadgouldav@bloomberg.com,U2nZPMVlMGr,891-869-1691,4031 Myrtle Court,392
393,Viki,vspoltonaw@shop-pro.jp,JC24cDGLId,613-194-0374,8 Old Shore Street,393
394,Sibeal,scharleyax@devhub.com,0gYoi4j,385-209-7079,9 Novick Drive,394
395,Samaria,sgrasonay@mozilla.com,ywPMYIqj7Y,942-321-7259,540 Mcbride Parkway,395
396,Hale,hbuttingaz@tiny.cc,hXVDvI5OUB,260-108-1579,52027 Tomscot Crossing,396
397,Joell,jmanjotb0@histats.com,4hZPva8eqpR,168-837-7581,25952 Scofield Terrace,397
398,Cole,caslinb1@bloomberg.com,4TJofPv,142-962-2390,1919 Linden Drive,398
399,Rosalind,rarnaldob2@about.com,pbIpxFyN8OG,814-287-9669,005 Anthes Junction,399
400,Pattin,pfermoyb3@tinypic.com,MCyFOrJCb2bd,535-579-8424,31 Milwaukee Junction,400
401,Bernardina,bthebeaub4@skype.com,S3mX6w4b,713-837-9500,6830 Norway Maple Trail,401
402,Ezri,estrutb5@forbes.com,030wSk,958-196-7194,46 Monument Drive,402
403,Tani,tpellewb6@nifty.com,ihc3z02LM,500-821-5094,429 Blaine Court,403
404,Cornelius,cschonfeldb7@so-net.ne.jp,O7zDPAyfEB,722-272-9442,0 Nancy Way,404
405,Jo-anne,jgaukrodgeb8@ucla.edu,jHKim9,373-406-1752,93 American Ash Lane,405
406,Roseline,rgosseb9@intel.com,szQxVoyfbOAM,359-295-6860,7260 Center Plaza,406
407,Iormina,iarnaudiba@wikimedia.org,mhUqhKWQOteV,498-805-2797,04 Thackeray Park,407
408,Pen,pclewlowebb@mlb.com,Qt2Hlw,404-694-3660,687 Reinke Trail,408
409,Franny,fbarrottbc@netlog.com,zsVFfGsk,185-789-3196,29573 Parkside Point,409
410,Patrizius,pdeganbd@rakuten.co.jp,ivLmws8H5VOB,709-242-3998,6 North Parkway,410
411,Trent,tdevannybe@webnode.com,tAObhePm8Oa3,111-399-2890,844 Armistice Court,411
412,Bent,bsaltwellbf@ezinearticles.com,N8vJz7tUpqa2,901-595-3209,22562 Glacier Hill Plaza,412
413,Roselia,rkaindlbg@deviantart.com,IJ6wjGzVNgL,373-405-1450,04 Continental Terrace,413
414,Vanda,vshentonbh@chicagotribune.com,WLbSmz,401-332-7465,6 Macpherson Lane,414
415,Mariette,mcolleltonbi@miitbeian.gov.cn,sPyqFyw,878-606-3339,43476 Declaration Park,415
416,Herc,hmattusevichbj@house.gov,sMv4MFDiODj,818-518-4474,90468 Bartelt Court,416
417,Randal,ryablsleybk@springer.com,HcOZRJbxDNZT,604-515-4727,1491 Del Sol Pass,417
418,Dahlia,dkelwaybl@t-online.de,P0Lve7YW,396-841-2864,417 Surrey Trail,418
419,Talya,tmcgerrbm@theatlantic.com,9YIYxs,407-444-0440,9 Jenna Alley,419
420,Marybelle,mgambrellbn@360.cn,dnlXi4w6RiNp,511-416-1981,2802 Oriole Junction,420
421,Juliana,jdevobo@example.com,OongywPOurE,402-881-1328,7912 Jana Circle,421
422,Josephine,jsworderbp@msn.com,gVAjlj,880-713-6941,99738 Susan Hill,422
423,Tabor,tclemenzabq@studiopress.com,OsQQzBTN8r,773-785-2722,45052 Troy Drive,423
424,Nina,ntapebr@fema.gov,N1lQWtwISZr,208-969-9930,82881 Arkansas Lane,424
425,Pablo,prummingbs@howstuffworks.com,sSfZED,518-779-0117,28788 Luster Center,425
426,Scottie,skingtonbt@dailymotion.com,5XRSX72,795-115-8657,2831 Almo Alley,426
427,Ulrike,uwainscotbu@usnews.com,tt5y4qF0UhwH,329-761-1089,4 Stephen Avenue,427
428,Elmira,eheaselgravebv@nps.gov,uXqBx52o5U,560-292-0466,8342 Harbort Street,428
429,Aldridge,amichellbw@goo.gl,BtwHXf5,308-527-8107,063 Artisan Place,429
430,Cort,cgiffinbx@ucla.edu,X7E7BLAD,904-124-0242,7040 Schurz Way,430
431,Joella,jbayleyby@home.pl,iQfHWaI,304-223-9300,909 Fieldstone Pass,431
432,Hughie,hciubutarobz@hugedomains.com,MDaBKitrEAfe,387-111-4527,1 East Street,432
433,Everett,esparhawkc0@ucoz.com,V8yM7YK38vo9,865-380-7347,822 Dennis Junction,433
434,Henryetta,hdambrogic1@jigsy.com,hf7KTwI1tPy,398-980-1362,55486 Melvin Street,434
435,Cameron,cattackc2@zdnet.com,AnSbSXmUWV,106-427-2958,74467 Manley Point,435
436,Isadora,iiviec3@fotki.com,CExLL6HlDyJp,935-180-6378,01 Acker Street,436
437,Cris,cdresserc4@list-manage.com,BVBCNrOIrG,758-493-0673,7154 Northwestern Circle,437
438,Melvyn,mstanyardc5@moonfruit.com,aswvWpB17uH,883-524-2776,71068 Oneill Way,438
439,Lauretta,lmollittc6@redcross.org,zhMuB9,340-618-9144,6547 West Terrace,439
440,Elton,esuettc7@w3.org,mrBjWEeW,735-924-0544,8681 Maple Court,440
441,Joyous,jshaklec8@pen.io,FDImKLB,484-918-9323,802 South Street,441
442,Valina,vmusterdc9@sitemeter.com,dN71WD8zx,853-456-6884,0 Sauthoff Pass,442
443,Evan,ebollansca@soup.io,og9G3MS11,605-407-3624,86381 Birchwood Trail,443
444,Taddeusz,tkrystekcb@yale.edu,YnF0SZzbcJ,118-398-5082,5130 Clove Point,444
445,Mercy,mwilderspooncc@drupal.org,Q2sPFi8hGKk,644-189-8631,9239 Evergreen Court,445
446,Brier,bsoutencd@parallels.com,UQWaXGfYy9,188-985-2332,2 Sage Drive,446
447,Alex,akemerce@census.gov,YFGaxcxRH,899-591-4382,640 Eagan Plaza,447
448,Kasey,kmaylorcf@ameblo.jp,RUd2atq6D,886-900-4550,403 Boyd Way,448
449,Rogers,rnortoncg@quantcast.com,GJbFC8pm,404-331-4001,1 Brentwood Lane,449
450,Fitz,fbiscoch@slashdot.org,gbFiKvLj7Lo6,744-288-8497,590 Forest Dale Circle,450
451,Katie,kboldersonci@google.ca,5RQIpk6zsq,103-913-5456,28296 Fieldstone Way,451
452,Millie,mreignouldcj@arizona.edu,aMQIPFsjcFS,615-870-2375,49 Ramsey Trail,452
453,Annemarie,atrayesck@quantcast.com,dKVQkK3,940-114-3610,813 Westport Road,453
454,Kerwin,kpottecl@telegraph.co.uk,anoMvMD1os,672-954-5703,1723 Meadow Valley Center,454
455,Ryon,rverricocm@washingtonpost.com,nS13i2CA1L,822-128-2168,96 Ruskin Crossing,455
456,Blayne,bfolbiggcn@jimdo.com,fweTHLCc,291-953-4449,087 Westend Way,456
457,Elwira,esoldnerco@microsoft.com,ibQcoAiIk5t,679-529-2502,02 Hudson Pass,457
458,Sammy,sorrahcp@businessweek.com,Zp4l68Q5M,976-336-5390,57 Warbler Drive,458
459,Christa,cgrevelcq@tripod.com,y4UOTE,866-118-3933,825 Meadow Valley Street,459
460,Sherry,srolincr@nba.com,17scbA,184-480-2384,59851 Arizona Pass,460
461,Darryl,ddaughtreycs@jiathis.com,Kf1I1kS21,858-710-5793,00300 Ryan Street,461
462,Allis,ameasorct@usda.gov,smpc4i6,819-901-7098,66602 Emmet Place,462
463,Jackelyn,jmoralascu@elpais.com,x20zNEk,806-142-1368,17531 Del Sol Junction,463
464,Rycca,rbruhnkecv@slate.com,xSDYfYoLuc,650-724-6638,67591 Crowley Parkway,464
465,Carlita,cfeatherstoncw@hud.gov,Mr6iR6,567-490-3817,2731 Service Plaza,465
466,Adelbert,adiwellcx@nytimes.com,mdVCgo0o,340-431-8505,45100 Golf Lane,466
467,Leila,lcroadcy@sitemeter.com,9eYbyd,931-147-3108,7781 Rieder Street,467
468,Emelyne,ewicksoncz@usatoday.com,AJRYoZg,397-743-3165,2412 Scofield Hill,468
469,Budd,blerouxd0@istockphoto.com,YhulqiP,851-855-8014,3004 Hudson Court,469
470,Kaspar,krisebrowd1@jigsy.com,FRTekVOFz,221-306-4543,9 Marcy Road,470
471,Theodore,trawlenced2@arizona.edu,spcpX7rH0,240-504-2838,3251 American Ash Hill,471
472,Gian,gbradshawd3@pinterest.com,NPIHLQHA,773-742-9825,0 Loeprich Junction,472
473,Nicolle,nterzod4@washington.edu,hM9OvZvGB,475-890-4347,982 Meadow Ridge Junction,473
474,Nickie,nnayshed5@msu.edu,nXU9WnU,802-277-1673,5 Esch Crossing,474
475,Ginnie,gpowisd6@cpanel.net,sm4nnG2IlAr,516-720-0235,4267 Gina Road,475
476,Nil,nleyfieldd7@ustream.tv,a90ctYUfPea,616-834-7810,3 Rigney Point,476
477,Ceciley,cetchinghamd8@1und1.de,GzZROC,352-413-0443,63 Anthes Plaza,477
478,Hugues,hchaudrelled9@alexa.com,Yk1M7iPCh18,820-127-9851,23 Alpine Point,478
479,Ainslee,aabramchikda@homestead.com,znI5uCrChu,994-361-8360,3929 Alpine Court,479
480,Cirilo,cgerardindb@about.me,59BKUj,783-426-0930,225 Helena Crossing,480
481,Garwood,ghamfleetdc@bloomberg.com,sjVZCIY,865-489-0682,8 Fremont Court,481
482,Emily,esywelldd@redcross.org,LhMpxIcCW,100-133-7128,108 Algoma Crossing,482
483,Kerk,kjenksde@cisco.com,lUxv6DKNV56,112-463-1548,91 Gina Hill,483
484,Kerby,kmordedf@prlog.org,Ud0SWwP,358-811-0081,658 Twin Pines Junction,484
485,Gherardo,gwillisdg@so-net.ne.jp,7t7cjl,235-305-2891,648 Loomis Terrace,485
486,Zorina,zoolahandh@accuweather.com,5iuX7jM8S,246-665-0229,850 Sloan Alley,486
487,Clemmie,cabramoviczdi@opensource.org,XQ2xz1O9SNk6,188-984-7489,2067 Corscot Center,487
488,Nahum,nswidenbankdj@joomla.org,cg4PA6V,765-409-3850,4 Prairieview Place,488
489,Bradney,bliptroddk@google.co.jp,Qcy5DY,809-885-8378,89887 Carpenter Trail,489
490,Murial,mburtonwooddl@google.com.au,cPIBQr,125-345-2540,6 Dovetail Point,490
491,Evaleen,edannedm@walmart.com,oqym418,153-637-6384,8 Hanson Drive,491
492,Rice,rdegregolidn@illinois.edu,ESNdA61,334-899-6924,9954 Gina Parkway,492
493,Ronni,raujeando@php.net,cOyTjUMUkV,988-478-9624,9566 Hovde Avenue,493
494,Redd,rreediedp@webmd.com,sNQkGZ,664-683-0370,380 Kropf Crossing,494
495,Beau,bknowlerdq@toplist.cz,Rtp4gNkF7i,144-508-1386,0801 School Circle,495
496,Valeria,vcobondr@msu.edu,tlbZiAX,245-328-4594,64227 Del Sol Road,496
497,Leeann,lmarfellds@irs.gov,1tUNlVxbAe,560-229-6285,656 Gulseth Parkway,497
498,Roseanne,rgoddertsfdt@sciencedirect.com,z0E9OD,973-379-1662,7 Nancy Circle,498
499,Helga,hwoodersondu@youtu.be,Mc1CKKDIzScl,906-578-5406,39780 Mallory Terrace,499
500,Dirk,ddurndv@discovery.com,zOWEeZD,505-721-6505,82707 Northridge Center,500
501,Rawley,redwinsdw@mayoclinic.com,lUAL89EBsx,535-307-5565,2 Old Gate Street,501
502,Woodman,wmitchelydx@nature.com,IoteKlbtbI,490-614-9813,02 Marcy Parkway,502
503,Eberto,eloughreydy@wunderground.com,I9jTHku6FiZ,858-821-1055,7642 Daystar Point,503
504,Sascha,sdochartydz@digg.com,6UVNSyjmZny,956-922-6791,909 Dryden Place,504
505,Hilarius,hdobinsone0@ucla.edu,FUsIHVt,852-631-0039,6732 Colorado Hill,505
506,Jessamine,jtoyere1@walmart.com,qtD01gVAClxx,458-906-9976,5006 Declaration Parkway,506
507,Tedi,tperrellie2@bbb.org,UmOZy3Z7U,194-197-6141,7474 Scofield Crossing,507
508,Fredi,fhedane3@instagram.com,ALmivN,759-230-4910,846 Eliot Center,508
509,Evie,ebielfeldte4@infoseek.co.jp,UzLrDlF6Ekc,643-109-4962,9921 Delaware Place,509
510,Rudolph,rcoveye5@java.com,QKIx6FhQEB,857-409-1935,1 Schlimgen Street,510
511,Chev,cbultere6@blogspot.com,6jmeIWh,709-133-5193,48 Maple Road,511
512,Vilma,vwelbecke7@who.int,99D9gA,396-704-6806,281 Walton Junction,512
513,Wilbur,wmangame8@taobao.com,6hut13eQmiy,173-907-7662,2787 Dorton Trail,513
514,Jasmina,jinwoode9@earthlink.net,n2faq8,356-298-4182,7413 Loftsgordon Road,514
515,Emelda,eferrelliea@odnoklassniki.ru,Hi6EAwMbDrnn,344-468-2044,787 Sachs Street,515
516,Leicester,laimableeb@sina.com.cn,gitJAvcAhCkN,483-562-1443,29 Shasta Way,516
517,Pen,psutterec@163.com,5heyqAtR20r,213-313-8892,9 Carpenter Plaza,517
518,Bobbi,bwindmilled@meetup.com,s9lf1Y5,226-820-7282,4864 Little Fleur Court,518
519,Lorie,lwhelbandee@macromedia.com,KnOAdY,989-441-6154,3878 Northridge Lane,519
520,Munroe,mingonef@plala.or.jp,v5E6qF6y,133-106-1675,4 Lake View Avenue,520
521,Melicent,msetcheg@is.gd,Drpcqr,182-624-6702,3213 Harper Pass,521
522,Stu,sponnsetteh@jugem.jp,j5WwgjP,409-260-9960,6141 Nelson Trail,522
523,Piotr,pimessonei@spiegel.de,N39IBCd3JVCr,587-397-8816,6 Fremont Court,523
524,Ailis,abriscoej@topsy.com,QnU2zchHoFI,464-147-5896,9688 Annamark Alley,524
525,Jacki,jtimblettek@technorati.com,NP5IdOquuHZV,376-794-8941,9292 Loftsgordon Trail,525
526,Milo,mheffronel@bizjournals.com,bayEtY2IS,620-435-8502,5263 4th Plaza,526
527,Florence,fstricklandem@a8.net,s1LZBiwVd0,685-156-5493,6205 Everett Terrace,527
528,Merlina,mtabaryen@netvibes.com,TEIsGyA0,131-776-7164,11 Fuller Point,528
529,Domenico,dschwerineo@clickbank.net,Vfez22iQ0,166-232-3924,843 Luster Pass,529
530,Emilia,edumphryep@indiegogo.com,Qwu7VT1k6CP,536-830-9729,79703 Nobel Park,530
531,Arlette,aspataruleq@fda.gov,Vw8BjbnZu,987-737-5990,78 Oxford Hill,531
532,Jocelyne,jparleter@usda.gov,OPd6Z6Sg4,417-725-3659,132 Anhalt Parkway,532
533,Albertine,afeasleyes@amazonaws.com,wtYP02OmdnR,179-970-0268,38702 Hansons Circle,533
534,Eddy,esteadet@sina.com.cn,3YFWozWofUs,687-442-7927,6 Gerald Lane,534
535,Aubert,adisbroweu@telegraph.co.uk,LyakfKCoIM,542-232-8482,58885 Forest Dale Center,535
536,Reece,rjekyllev@a8.net,M2cYAVW9U5ol,723-442-9217,22611 Dayton Circle,536
537,Gaspard,gmarrisew@engadget.com,fy7eZbo06Vs,245-377-2857,63577 Bunker Hill Junction,537
538,Cyndia,cconnealyex@about.me,aRB1kiWmgB,870-467-9791,4 Ruskin Street,538
539,Hashim,hbroseley@123-reg.co.uk,dMmqE7ZLYeue,633-457-6240,392 Scott Park,539
540,Marlo,maytoez@aol.com,3pRKoqam,537-988-6595,5 Graedel Parkway,540
541,Haleigh,hdavenportf0@usatoday.com,3uJvVq,748-280-9873,8644 Reindahl Hill,541
542,Salvatore,sbatteyf1@deliciousdays.com,rwGCsOr9G44,700-730-9006,49 Pepper Wood Junction,542
543,Siegfried,sreolfof2@reference.com,WEcjY3wI,898-235-6910,28645 Petterle Plaza,543
544,Guillema,gmacalasterf3@ehow.com,XA9vGhBN8,804-517-8194,22689 Holmberg Circle,544
545,Marquita,mglanertf4@posterous.com,GIt9PB1O,372-428-7293,87 Meadow Ridge Way,545
546,Nata,nfulbrookf5@fda.gov,X62fsYgYC,827-239-1984,205 Sachs Crossing,546
547,Quent,qpaulingf6@mail.ru,Pr0r0EfLXxMf,146-375-6940,8 Morningstar Road,547
548,Elton,eszymanowskif7@bizjournals.com,rKVORtLQ,125-477-2238,94 Burrows Plaza,548
549,Shel,schansonf8@g.co,BdZO24Xb,686-858-7699,59018 Clemons Alley,549
550,Rosa,rdurrancef9@nba.com,98Fpbb,427-738-6276,20519 Pepper Wood Terrace,550
551,Kippie,kextancefa@newsvine.com,qvamSZ,277-294-7481,3 Ohio Lane,551
552,Aguste,afawsonfb@google.com,Y7da4jXt0VG,450-445-9062,36319 Esch Park,552
553,Cosmo,cletchfordfc@ucsd.edu,cs04dag,562-497-4001,589 6th Terrace,553
554,Antone,athowfd@usnews.com,agJ7jP4YHP1,720-943-8443,91 Morningstar Crossing,554
555,Cacilie,cmonkfe@dailymail.co.uk,cMx6tQE,511-827-4384,00853 Waxwing Drive,555
556,Nixie,ndragoeff@zdnet.com,MGBq3xeIwFID,713-429-2328,4190 Pond Way,556
557,Yardley,ypetelfg@cisco.com,WNeCIlSsls,220-280-5123,1 Fulton Crossing,557
558,Alys,asimonoufh@ftc.gov,NxLs5N,722-201-5484,922 Sycamore Center,558
559,Julio,jkleinbaumfi@shop-pro.jp,N69Zqjoqv,814-574-0807,597 Hagan Parkway,559
560,Nert,nlevenfj@yahoo.com,Wj8l5SrI9,865-209-0102,9153 Lyons Center,560
561,Chris,ccookesfk@cbsnews.com,WePViqKSuqw,946-755-1454,6 Homewood Park,561
562,Calla,csurgisonfl@sfgate.com,3Ai7uVUHd,547-448-6581,87 Debra Drive,562
563,Tuckie,tardernfm@guardian.co.uk,qQhRARLsNcYw,794-209-4364,02368 Washington Trail,563
564,Tallie,tskainsfn@google.ca,8bJj7gCsBwN,410-206-8709,4026 Lien Junction,564
565,Roda,rmattheissenfo@themeforest.net,f6VXuuR,780-974-3032,049 Ryan Pass,565
566,Nefen,ndriversfp@e-recht24.de,z8MWMoqxIsEu,731-183-0371,903 7th Circle,566
567,Kameko,karonowitzfq@wikimedia.org,mG9SELrNXh8,168-185-8559,6362 Twin Pines Point,567
568,Jens,jminthorpefr@ycombinator.com,Gl8vf7,627-837-6492,7 Leroy Circle,568
569,Jerrome,jmoyefs@webs.com,QWdL5sfCnd,513-944-8776,63 Sunbrook Crossing,569
570,Loria,lgasperift@360.cn,ef54ZNUkwC,362-751-2569,525 Farragut Drive,570
571,Dorisa,dquinellfu@printfriendly.com,SEYjRmZI,374-751-2959,0 Mockingbird Drive,571
572,Abbott,agooldfv@prlog.org,R2Zietd,443-860-6131,6 Cambridge Lane,572
573,Ryann,rmussettfw@boston.com,3pt7zLh5oZ3,383-636-0600,33944 Arizona Lane,573
574,Stevana,sreynoolldsfx@shutterfly.com,FNbMiobzkP06,529-368-4525,61 Kingsford Crossing,574
575,Igor,ibrucknerfy@redcross.org,8rIvum,833-711-0483,9 Mayfield Pass,575
576,Julianna,jteasfz@fotki.com,dc1V8X0,795-425-8011,826 Di Loreto Drive,576
577,Mendy,marmsbyg0@unblog.fr,vv9F0m,760-550-4560,266 Bayside Street,577
578,Neville,nfarrearsg1@oracle.com,NPH5vZ,590-433-4863,7 Monterey Center,578
579,Harlen,hcogerg2@google.ru,5fZ8GIz,868-264-4795,0434 Summer Ridge Place,579
580,Delphinia,dcudmoreg3@ebay.co.uk,HerJ4CNgcM,933-634-6383,41814 Cody Alley,580
581,Tracey,tjolliffeg4@theglobeandmail.com,0IUVoWbKoj,567-811-3754,7590 Moulton Alley,581
582,Leann,lcollatong5@symantec.com,degT3udt,996-109-5280,88346 Village Court,582
583,Nikolaos,ncullneang6@mapy.cz,uNadqyP,571-625-0937,3 Cottonwood Crossing,583
584,Idelle,itrotmang7@epa.gov,jaCvpLBWsuw,909-558-3893,77408 Katie Alley,584
585,Corie,clustedg8@phpbb.com,DZ6CAPIV84,818-810-3528,34176 Sheridan Junction,585
586,Burty,bjellyg9@unc.edu,5eUVepBX,705-328-2322,77 Drewry Trail,586
587,Rog,rtoppesga@dagondesign.com,ZZU6HnyiE6OF,679-285-0134,45 Bartillon Junction,587
588,Wakefield,wmaingotgb@yahoo.co.jp,fBRqaIG2,155-906-5534,5076 Basil Plaza,588
589,Eldredge,efawlkesgc@aboutads.info,tGpqWsyETK,991-858-6498,63081 Thackeray Terrace,589
590,Hall,hswategd@comsenz.com,VwDATSneRih,282-415-8670,10 Springs Plaza,590
591,Alf,apatriege@theglobeandmail.com,nUr2hiOd,882-585-7416,1532 Springs Trail,591
592,Anallese,apaskerfulgf@unicef.org,BRc9sem,190-280-0347,6740 Doe Crossing Drive,592
593,Justus,jrevansgg@nationalgeographic.com,JTNeh1j,528-665-2751,826 3rd Avenue,593
594,Kizzie,kzuangh@japanpost.jp,M2SGgf,441-150-8722,0434 Northfield Center,594
595,Ainslee,aczadlagi@godaddy.com,3BEF5xu4nXI,554-253-7694,7 Pleasure Lane,595
596,Raimondo,rturleygj@jiathis.com,Ax4LgMOoI4w,931-420-6587,1 Hoepker Way,596
597,Cassandry,cbeggsgk@bigcartel.com,6v98EehU,836-223-4774,807 Hoffman Junction,597
598,Cherey,cleghgl@amazonaws.com,zU0s50QLR,531-397-9294,81 Spohn Pass,598
599,Marcia,mberthodgm@gnu.org,4vyi0622,933-453-4099,7669 Comanche Alley,599
600,Ferdinand,fstattongn@ameblo.jp,Y4AdR3,412-129-9378,16473 Eagan Crossing,600
601,Ibrahim,ibinesteadgo@dell.com,13WajHDSr1LR,158-415-2455,6 Towne Avenue,601
602,Walden,wbenezeitgp@domainmarket.com,16sUWF8wE,103-355-1313,2933 Pepper Wood Drive,602
603,Beitris,belnergq@edublogs.org,5FNtaNS1DDbQ,370-860-9617,82 Texas Park,603
604,Trixi,tcurlisgr@nifty.com,WU2Toygku,254-330-4025,64759 Garrison Circle,604
605,Waring,wrevancegs@ted.com,46SGk4,465-223-0098,77 Victoria Court,605
606,Baxie,bdriffillgt@cnbc.com,5sLHmN,593-954-1006,8 Becker Point,606
607,Shara,swadhamgu@berkeley.edu,zir1YYkp8ol,388-664-0346,3 Londonderry Plaza,607
608,Gerri,groncigv@gov.uk,QawJnD,630-148-4637,8223 Veith Alley,608
609,Mireille,mvaleriusgw@phoca.cz,R39lzqmpdjuL,982-185-2236,42992 Rieder Parkway,609
610,Etheline,efewellgx@cyberchimps.com,aqAGfH1SY,131-938-8337,39 Canary Court,610
611,Minetta,mmoffgy@geocities.com,DX73qVeDP2Z,900-922-9983,28 Ridgeview Hill,611
612,Clifford,cramsteadgz@wordpress.com,vk5XV2tEv,694-708-6025,761 Huxley Circle,612
613,Amy,afisbburneh0@seesaa.net,4qs7Yhz,850-498-6141,77440 Stang Center,613
614,Gene,gspekeh1@paypal.com,pQKPrvTPjt6,528-961-1302,396 Leroy Pass,614
615,Jourdan,jflippellih2@bbb.org,a22bxROiLeel,844-294-0108,04 Dorton Circle,615
616,Rickie,rcostyh3@ehow.com,FCS9wsUMC,840-458-4047,122 Russell Pass,616
617,Cord,cdrawmerh4@mit.edu,ZLldo7Zj1r,825-357-2567,86272 Dovetail Park,617
618,Emmey,etulloth5@virginia.edu,8goDiU9jES,951-740-6430,19 Doe Crossing Crossing,618
619,Burnard,bartrickh6@indiatimes.com,GDuKQpR,763-400-1050,74 Clarendon Plaza,619
620,Pollyanna,pshervingtonh7@redcross.org,NgKm0xDWLby,302-641-8988,13 Menomonie Way,620
621,Phillip,poagerh8@imgur.com,3GpbxShXJvf,938-898-2754,2414 Dawn Court,621
622,Gertrude,genterleh9@tmall.com,eG0GWPz,978-261-1110,4 Mccormick Center,622
623,Raye,rsowthcoteha@google.com.au,e4fzUgM,223-152-4553,94651 Ridgeway Alley,623
624,Reidar,rdunwoodyhb@unicef.org,AbzVpYNWXwQ9,886-371-6126,69 Banding Center,624
625,Carmon,cfilipowiczhc@goo.ne.jp,LREAjaasMe,350-696-8427,4 Rockefeller Junction,625
626,Frasquito,ftarbethd@cargocollective.com,wwsY3RJRX,472-294-5589,78924 Lyons Court,626
627,Pia,pfaunchhe@oaic.gov.au,84lhuWDy8L,540-844-8794,8 Ramsey Way,627
628,Sharleen,sofogartyhf@godaddy.com,jnDpSdCxfZ,431-529-9698,62 Sugar Pass,628
629,Dolores,dstedehg@mail.ru,IJdbkw,338-483-6047,32 Monterey Park,629
630,Benedick,bbuttshh@zimbio.com,jaGf9ObxE,939-742-6838,06393 Ronald Regan Crossing,630
631,Morissa,mhouldenhi@privacy.gov.au,O5lULPDZa,753-204-0338,4770 Katie Lane,631
632,Say,scalviehj@lycos.com,7VjTo0L,311-224-5730,9 Loomis Pass,632
633,Mathe,mbauhk@mashable.com,Mv5VECwUxH,863-405-9327,4 Thompson Road,633
634,Mavis,mfredihl@csmonitor.com,LNNgEGr72U,592-201-2947,1 Summit Junction,634
635,Fair,fgamlynhm@uol.com.br,uIEvvFuBgJ,653-284-8226,29 Service Drive,635
636,Tedmund,tvarfalameevhn@thetimes.co.uk,PQ1Id2C,712-374-5953,30 Sunnyside Plaza,636
637,Ivie,ibeaumentho@networksolutions.com,l1dooe,871-307-7487,15 Ludington Avenue,637
638,Katharyn,kfronekhp@yahoo.com,sD9l2u,611-164-9694,76435 Fair Oaks Circle,638
639,Cinda,cklinkhq@telegraph.co.uk,MlHEzcB7d,176-692-8019,0045 Hovde Hill,639
640,Hart,hburchfieldhr@wordpress.org,ps15o5O5Qgw,669-201-5881,58 Tomscot Circle,640
641,Ferne,fyonhs@fastcompany.com,XEXOj7Hg4,274-521-4277,992 Monica Plaza,641
642,Devinne,dbankesht@nymag.com,HhKjX0dodHAW,486-845-3483,65189 Haas Park,642
643,Alix,abroddlehu@cargocollective.com,QWiK5ZeYt9,411-572-5187,5832 Jackson Parkway,643
644,Herman,hrecordhv@opensource.org,aDclzBH1,915-550-8622,709 Pawling Terrace,644
645,Coraline,codeahw@ucoz.com,ZvpSdKNncZ,325-441-0666,9347 Petterle Point,645
646,Catrina,cfranklynhx@moonfruit.com,Qg0495t,497-495-7854,4 Bunting Court,646
647,Carmita,crottehy@nytimes.com,vrzu2yVAV5Pp,994-174-0865,47371 Gulseth Place,647
648,Jasmina,jthwaiteshz@geocities.com,rKcY2uvedA,288-798-5929,6 Trailsway Avenue,648
649,Thomasa,tloachheadi0@state.tx.us,vrDaFQee6xa,614-933-5785,13 Swallow Avenue,649
650,Elly,ekeyworthi1@senate.gov,FeHUDcF,668-302-8790,71 Parkside Terrace,650
651,Erinn,ebarthropi2@mediafire.com,VV82MHtUJoa,525-610-3797,532 Arapahoe Place,651
652,Luce,lbrownhilli3@omniture.com,fn55e0LE4HD,451-379-4805,06 Butternut Road,652
653,Pris,pchaikovskii4@narod.ru,iBvNh94HBAHc,536-823-3778,67 Clarendon Junction,653
654,Audrye,admtrovici5@usatoday.com,eonSD5AC,236-302-6579,923 Birchwood Pass,654
655,Didi,dproswelli6@cargocollective.com,6sUWXt,763-731-3111,305 Cody Center,655
656,Kariotta,kspraggi7@blogspot.com,KKtHMHKw,767-603-7277,9 Walton Way,656
657,Vic,vcubbinoi8@gravatar.com,EOhKiGg1sUwm,894-205-4205,5147 La Follette Terrace,657
658,Cathrine,cbucklei9@trellian.com,Iyz6k8ux,478-202-7690,49132 Rigney Street,658
659,Tades,tureia@ask.com,xK6rgs,537-133-4208,20270 Columbus Street,659
660,Katy,kvanichkovib@rambler.ru,WQ8fszB,461-492-6908,27513 Fallview Hill,660
661,Flori,fbleddonic@geocities.com,BvtMFxopf,413-201-4137,62 Hoffman Street,661
662,Carl,cdawsonid@wikia.com,aJg9S10Pbq,350-275-7558,39 Fairfield Road,662
663,Tarah,tsurgisonie@vk.com,HDyTBPeb,300-139-4359,8 Pankratz Center,663
664,Janith,jbereclothif@csmonitor.com,q5aEZDT2,294-409-3803,23993 Cherokee Point,664
665,Peggi,pschulzig@furl.net,P6UoAoY,227-372-6918,110 Lawn Hill,665
666,Riordan,rtironih@theglobeandmail.com,gFIGCBL0,123-975-1372,3168 Rusk Trail,666
667,Allie,acoyettii@paginegialle.it,mZQWkgpVt5lm,235-135-7302,46 Dwight Pass,667
668,Deirdre,dfriedlosij@bbb.org,6JLQJijaqR8,266-915-4455,5233 Burrows Junction,668
669,Gerta,gmuslimik@scribd.com,hP2mhG7HiNYw,439-844-2140,2 Granby Pass,669
670,Blondell,bbettisil@google.com.br,t69UClE1OC,305-996-2678,8913 Spaight Road,670
671,Ede,emeatonim@1688.com,Ff6rcXfOu,155-274-0373,13601 Vera Place,671
672,Ealasaid,emacqueenin@indiegogo.com,rdsVBR1IA,646-461-7810,516 Evergreen Lane,672
673,Annabella,amackaigio@tamu.edu,34kwy6E4x,723-912-2324,4 Algoma Trail,673
674,Madelin,mgironeip@rakuten.co.jp,zdkwnGBmAata,261-864-4569,411 American Ash Alley,674
675,Alexandro,aolneriq@tripod.com,Enxg8G,579-481-3884,942 Linden Junction,675
676,Harmon,hgierathsir@ted.com,CRRD8S,992-746-8460,9 Mccormick Court,676
677,Kaila,klightfootis@unblog.fr,XJi0Qf7yVTB,471-250-0280,35 Weeping Birch Court,677
678,Sharity,sstovinit@tinyurl.com,7ALJKAtuBk,652-879-8377,2170 Garrison Crossing,678
679,Maxie,msambiedgeiu@latimes.com,oppZXKzz6WsB,500-539-9815,72 Florence Circle,679
680,Samara,sbowerbankiv@blogger.com,49MVz3k,133-832-6752,91 Division Alley,680
681,Allister,apineliw@prlog.org,iirl5Urk,537-290-7453,6527 Bayside Crossing,681
682,Alina,aflayix@foxnews.com,C9ueXhHg,742-490-7213,8 Randy Pass,682
683,Elwira,ecausoniy@mlb.com,FOtL1MzJB6U,268-944-9731,40 Ridgeway Park,683
684,Miguelita,mtedderiz@answers.com,TmBcf3lP,903-479-9393,425 Hoffman Lane,684
685,Betteanne,bdawidsohnj0@blogs.com,Uvf8hK,513-141-9654,43424 Grim Avenue,685
686,Ilsa,ibasnettj1@ehow.com,CVrC6sDM,441-695-2059,9 Farwell Lane,686
687,Parsifal,pbilbrookj2@webmd.com,mAwgjaJ2,752-150-7842,8613 Eastwood Alley,687
688,Rozamond,rcornishj3@google.es,OJNTmpSFj2vz,732-585-8634,07680 Washington Terrace,688
689,Kay,ktreskej4@free.fr,xlXWI0K,552-952-4353,1 Katie Drive,689
690,Dominique,dgollandj5@hatena.ne.jp,lZlFJyRm,141-333-2996,5 Hovde Trail,690
691,Gunar,glehrmannj6@blogtalkradio.com,PXczj8hXH,982-337-5251,52 Walton Plaza,691
692,Cordy,cperinj7@amazon.de,ujLFgFO,374-305-1003,20319 Loeprich Court,692
693,Karel,khugillj8@aol.com,yUSAtMp,274-855-9659,1769 Forest Dale Point,693
694,Clint,cmckinneyj9@boston.com,6LDukO,633-342-3848,3626 Schlimgen Trail,694
695,Andriana,askellonja@census.gov,q4FRA0,926-918-3621,508 Del Mar Crossing,695
696,Wynn,wbugdalejb@cnet.com,Bw7rPHIEEUc,914-512-6731,1 3rd Road,696
697,Karlis,kmanuelejc@hibu.com,WFxFbVlg,383-649-0577,74316 Vera Road,697
698,Grange,glugardjd@meetup.com,e92oyd36p,688-287-8304,04702 Elmside Alley,698
699,Winn,wwandje@toplist.cz,TgzaSpyRf,434-469-2868,603 Doe Crossing Park,699
700,Raimondo,rguidinijf@360.cn,WNXf7aOs,201-976-8035,25803 Hayes Alley,700
701,Georgena,gduckettjg@mozilla.com,P2yRmMA,108-856-2255,378 Mesta Court,701
702,Jodie,jaugustinjh@delicious.com,wFuxBay,251-624-9045,00 North Junction,702
703,Eba,efroudeji@weather.com,5trdqwU,282-208-1940,4 Farmco Place,703
704,Wilfred,wstringerjj@wikipedia.org,4Y6bzhyvZ6k,396-658-5381,6644 Old Gate Plaza,704
705,Merl,mrobertazzijk@wikipedia.org,b5pSxAsNW,575-872-6715,12510 Moose Terrace,705
706,Mitchel,mkimmingsjl@paypal.com,oArm4ON,627-295-0627,201 Shopko Place,706
707,Eleen,eoakeyjm@paypal.com,NkaiFy,456-776-8871,25 Northwestern Alley,707
708,Balduin,bmcquinjn@foxnews.com,ogbDwqK6,512-518-8486,3567 Debra Court,708
709,Bunny,blylejo@scientificamerican.com,JU1TWPY3hbE,183-336-0983,650 Drewry Parkway,709
710,Laryssa,lgibbettsjp@youku.com,HVJT7a,599-634-6736,925 Paget Crossing,710
711,Amalle,awisniewskijq@goo.gl,A5P1QXff4g,587-505-4929,399 Kedzie Terrace,711
712,Beau,bmangenotjr@plala.or.jp,YuXwCGp3,873-600-1114,78518 Del Mar Trail,712
713,Arvin,aizkoveskijs@google.co.uk,Uj8Uxe,424-180-1650,7 Orin Trail,713
714,Jean,jlattimorejt@economist.com,bjyEmaSMhT9I,902-290-6265,2347 Trailsway Junction,714
715,Conrade,cschimaschkeju@ameblo.jp,hM21Cx0nU,552-665-9098,9 Moulton Alley,715
716,Bea,bsuggejv@163.com,gQBqf7za8,423-433-0045,5 Bluejay Place,716
717,Franzen,friquetjw@posterous.com,r0yz9yV95f,676-851-8946,371 Kings Plaza,717
718,Reynard,rmayoraljx@opera.com,qT53ss,383-997-8456,1 Sage Drive,718
719,Diandra,dnelseyjy@time.com,fqrN654t3MNF,524-365-0048,49708 Forest Crossing,719
720,Melly,mbraycottonjz@illinois.edu,jVuGv2wus,832-671-5368,1859 Iowa Plaza,720
721,Sybille,sgehrtsk0@paginegialle.it,9yZz1wZurXCk,809-451-5789,81 Merry Drive,721
722,Rodina,rmakeyk1@google.com.au,vIoyhldX1yX,544-568-6621,0 Calypso Pass,722
723,Eadie,evillek2@tumblr.com,GRG3K7,254-368-3539,8132 Waubesa Court,723
724,Cherilynn,cskaifk3@blogger.com,0SVdSpbK6l,650-839-9709,844 Morning Drive,724
725,Nat,nsaphirk4@spiegel.de,CjBuXFDYryZv,895-186-0564,54 Bartelt Crossing,725
726,Haze,hrockhillk5@tripadvisor.com,NNSTSs,593-799-5943,38879 7th Road,726
727,Shoshana,scallisterk6@freewebs.com,ap5M6xyljRMR,174-945-8396,25573 Talmadge Place,727
728,Emory,eshackelk7@shareasale.com,bdQCWR5,840-426-1288,88 Northridge Street,728
729,Josey,jalbertik8@cam.ac.uk,mCp8o4UR0,665-763-3251,8 Valley Edge Pass,729
730,Emilie,erankcomk9@tinypic.com,G2Tg67,256-866-3876,17 Moulton Road,730
731,Dyana,ddraysonka@simplemachines.org,dd5C2KcrF,662-415-9481,28 Independence Court,731
732,Clari,cstartenkb@nifty.com,GO8y3bke,906-593-5852,139 Grim Court,732
733,Juan,jphillimorekc@plala.or.jp,CMPcVKU6drKh,700-765-9512,05 Summerview Point,733
734,Inger,igoodreadkd@biblegateway.com,r60KyRg23SY,359-898-0616,41005 Green Point,734
735,Gregorius,gmardeeke@elpais.com,KbZT7W,350-172-6179,133 Donald Plaza,735
736,Brandi,bmulberykf@discuz.net,9ZLsshKgbga,622-880-0358,887 Anderson Parkway,736
737,Jessa,jvicarkg@mashable.com,vw9Zgyb,685-442-9362,76235 Del Sol Way,737
738,Morly,mlawlandkh@google.es,YwCgd2E,358-439-7881,04118 Westerfield Alley,738
739,Jonie,jgawthorpeki@wunderground.com,sINwf7IY2u,164-321-3873,04903 Twin Pines Plaza,739
740,Tate,tpalfreykj@webnode.com,HIiI9mOO5py,242-591-1478,16 Paget Junction,740
741,Julianne,jwrennkk@clickbank.net,XvyuueipBld,772-946-1793,5 Schiller Street,741
742,Fitzgerald,fwathellkl@wunderground.com,NfryhHt,351-152-8538,6677 Buhler Park,742
743,Teodoro,tgebhardkm@wikispaces.com,p45m7XY0Wt7Q,389-788-4011,5060 Northport Point,743
744,Rhoda,rroccokn@blogtalkradio.com,oonMAR,477-730-9979,4 Bayside Point,744
745,Crystie,cmagovernko@ezinearticles.com,WSolqxWCe,972-307-7392,401 Del Sol Pass,745
746,Natale,nyurkevichkp@com.com,Vb6jOLPl5,194-926-1521,6337 Walton Way,746
747,Jacquenetta,jmatzelkq@alexa.com,z3DMU8Bwc2g,784-154-8718,65029 Lawn Plaza,747
748,Adriena,agrenshieldskr@princeton.edu,2LnyBEsD7YYc,746-527-5360,8430 Everett Court,748
749,Kary,kgaydenks@vkontakte.ru,Ljs60dKqMu,533-982-6168,44 Surrey Center,749
750,Olly,ogergherkt@msu.edu,yP3DBdNu,698-625-8355,16863 Bunker Hill Terrace,750
751,Normand,nbrimmicombeku@yandex.ru,uhBVHJDueVP,666-289-5270,8 East Place,751
752,Glyn,gmauvinkv@nasa.gov,X9OHhZFuE3,381-330-4660,7 Springview Avenue,752
753,Forbes,fredlerkw@thetimes.co.uk,RZTQ80UW5AG,904-101-1574,61 Ruskin Alley,753
754,Billye,balchinkx@technorati.com,YbD2h8LShJSI,959-967-1922,5758 Thompson Lane,754
755,Cahra,cblackbroughky@amazonaws.com,0KB8kn6K0u,642-328-0597,20 Muir Park,755
756,Tedman,tplacstonekz@com.com,uSPEu8XMpacM,235-489-4861,507 Park Meadow Center,756
757,Zandra,zottawelll0@123-reg.co.uk,NCmI4MQEX,334-446-0004,086 Oak Valley Street,757
758,Stefania,sredittl1@bloglovin.com,2LoaVctSt,131-343-8526,951 Forster Place,758
759,Loreen,ljentonl2@howstuffworks.com,dhV9UkDBj,731-289-5366,05200 Burning Wood Alley,759
760,Atlanta,ahumphrysl3@1und1.de,iYcE3Dqs,609-519-5719,188 Almo Court,760
761,Lisette,lspaceyl4@1688.com,Sv3rTMYaEC1C,155-639-0371,92026 Messerschmidt Point,761
762,Aaren,ahoflerl5@dailymotion.com,gUY4t6,349-599-9380,92 Monterey Alley,762
763,Tomi,tdurdanl6@hubpages.com,zf06YiJwOVbN,893-533-2503,34 Logan Drive,763
764,Darsie,dbleakmanl7@unicef.org,7qrmRqw9Im4,105-965-6698,33 Express Plaza,764
765,Fedora,fwaplesl8@archive.org,jCH3ZiqVVE,242-966-4847,9872 Quincy Lane,765
766,Skipp,spimerickl9@tmall.com,TLH3aWSb,405-210-8395,7192 American Terrace,766
767,Eryn,etellenbrokla@webs.com,oGG2lcM,979-244-2093,2566 Forest Dale Avenue,767
768,Dietrich,dknaptonlb@twitter.com,D7Xnoiwio,549-436-0104,764 School Center,768
769,Alvinia,adurtnalllc@reddit.com,Nt3qli4ab,253-741-4777,7158 Doe Crossing Place,769
770,Husein,hbisonld@linkedin.com,Xjzvpr2rL,471-999-1359,7 Paget Park,770
771,Daveen,dnoweakle@e-recht24.de,NZFQQGwI,586-947-7960,10470 Division Point,771
772,Laird,lhayhoelf@army.mil,RP3up1iwu8,488-575-4287,6123 Russell Hill,772
773,Sharline,scesconlg@devhub.com,n2sIpLlY4,870-745-2624,56 Anniversary Plaza,773
774,Ashleigh,apetraklh@eepurl.com,MOQNDUxRpme,630-545-2634,108 Fisk Terrace,774
775,Mela,mrunhamli@google.nl,5yi1aj,868-697-8814,24216 Morningstar Hill,775
776,Madelena,mcashelllj@infoseek.co.jp,Y0laSTuLi,740-478-1092,39989 John Wall Crossing,776
777,Bartholemy,bhollowlk@spiegel.de,0AuB8Di,611-852-9779,323 Comanche Alley,777
778,Dewey,ddanigelll@mapquest.com,1ehbBYW0sMx,702-824-2703,01 Sachtjen Plaza,778
779,Pavia,pzoppielm@list-manage.com,oO3R2D,754-181-9572,13 Dixon Hill,779
780,Kristan,kdemcakln@prlog.org,FQewr2Z,223-458-4813,4907 Browning Street,780
781,Spence,skettlewelllo@storify.com,di31qV7uIjw,996-334-0666,00 Tony Center,781
782,Margy,mcampslp@comsenz.com,wLsydIDdny7,422-654-1333,6987 Lakeland Alley,782
783,Khalil,kproudleylq@state.tx.us,bKMleHIBq,300-570-9020,554 Truax Hill,783
784,Kania,kmattaserlr@bbb.org,rE91Fbv0fQ,291-926-6341,22013 Hanover Alley,784
785,Celie,cchevisls@liveinternet.ru,7L3fJqiF3,775-932-2024,61689 Delladonna Road,785
786,Jodi,jlovelocklt@wp.com,Cd88Uh3y,509-387-1436,389 Hayes Court,786
787,Kaila,kviselu@desdev.cn,s6Lvqs,404-577-7954,1639 Bunker Hill Circle,787
788,Shina,ssergeauntlv@photobucket.com,O70eOiRHL,320-387-6720,346 Thompson Plaza,788
789,Nikolos,npardilw@wix.com,GJ7Zf4rVkOpW,858-290-9813,06589 Vidon Pass,789
790,Ardis,agreylx@skyrock.com,rige4Tuvm,295-981-8585,167 Meadow Valley Avenue,790
791,Dee dee,dsydneyly@prweb.com,x1JBei,159-603-1757,8 Lukken Lane,791
792,Nikki,nshucksmithlz@last.fm,mThZGEML,329-802-5990,37019 Haas Lane,792
793,Virgie,vschoffelm0@i2i.jp,tvrLk94Ctrv,590-889-1454,2 Old Gate Center,793
794,Darbee,dmapplebeckm1@macromedia.com,KCDCeDeTGEA,740-477-1925,3076 Pennsylvania Alley,794
795,Brennan,bmcquillanm2@state.tx.us,EFdEtLwK2,961-437-0266,26 Saint Paul Center,795
796,Abdel,agusneym3@hhs.gov,thAItlFi,295-759-9997,0136 Shoshone Street,796
797,Ardenia,apesakm4@ucla.edu,GulUEYREvoM,678-204-2825,7 Northview Road,797
798,Shandra,ssallierem5@slate.com,A8xtcd9f9CTA,239-186-0469,60252 Scoville Trail,798
799,Cecily,cjudgkinsm6@usnews.com,O2bQRdD2OotX,583-770-3379,5 Hansons Plaza,799
800,Rusty,rbroadnickem7@utexas.edu,1zf3CI,982-630-9923,527 Anthes Hill,800
801,Miquela,msantosm8@utexas.edu,azXelvrt,726-997-6106,436 Ridgeview Junction,801
802,Waylon,wthringm9@phoca.cz,hhiEPj004A,703-704-8597,0 Porter Trail,802
803,Mattheus,mjoirema@msu.edu,NvWxFITNaO7,304-143-2187,7382 Arapahoe Center,803
804,Robers,rnanettimb@so-net.ne.jp,lXdDtIIm,638-311-4079,40 Cordelia Pass,804
805,Brooke,bdytermc@unicef.org,G0zV3nvdbr,348-145-9667,2 Mandrake Alley,805
806,Henri,hkislingburymd@archive.org,zZdeany5,443-147-9018,2 Springs Parkway,806
807,Marena,mguirardinme@infoseek.co.jp,xlVZbd3ry,579-656-2294,96 Grasskamp Drive,807
808,Margarethe,mreynaultmf@phpbb.com,Wl6Y1nTj4a,536-930-2115,020 Stang Trail,808
809,Gonzales,growthornmg@instagram.com,n7mo4ppAPBt,347-182-1570,09 Ridge Oak Way,809
810,Peter,pfairriemh@toplist.cz,mYLBfWrgzKC,825-323-8299,207 Dorton Circle,810
811,Con,credwinmi@mozilla.org,NeTnipxS,518-649-8120,1598 Arkansas Center,811
812,Rhodia,rboarleysonmj@cbslocal.com,JmoM2MiS7Bg,141-940-7174,076 Norway Maple Lane,812
813,Paolo,pwasielmk@google.es,l48YgE,520-487-4168,36001 Mockingbird Park,813
814,Heall,handerbruggeml@tinyurl.com,8PY5xWbDFMx,707-590-6068,6072 Summer Ridge Place,814
815,Humfried,hdrivermm@cyberchimps.com,v73q8QDy0,549-936-4868,74581 Hallows Trail,815
816,Delphine,ddulanymn@tinyurl.com,Bu5Xvay8qdO,553-383-9037,61 Reinke Street,816
817,Derron,ddoftymo@princeton.edu,PlmTdIM,604-465-0359,50 Warrior Hill,817
818,Nickolaus,nadamovskymp@shutterfly.com,lXDhUiy,959-178-6612,46548 Pleasure Point,818
819,Conrade,cdevanymq@va.gov,7usx7EbhpZ,935-476-4356,330 Mesta Park,819
820,Wilona,weaganmr@cnn.com,175HIZLs,974-643-0303,0906 American Ash Avenue,820
821,Devin,dcaulcottms@acquirethisname.com,40udtt,346-944-1089,714 Stephen Park,821
822,Karalynn,kbanfordmt@nyu.edu,UQk2Xj8TyK,641-204-3089,569 Anzinger Junction,822
823,Tracey,twernhammu@indiatimes.com,OwoFPX,420-883-5010,13 Blue Bill Park Lane,823
824,Cherin,cvassarmv@weibo.com,NCAPhMAX,418-215-0709,2 Prairie Rose Point,824
825,Jyoti,jallibertonmw@npr.org,p9vSkshj9WdM,185-880-2714,7073 Gulseth Road,825
826,Hamid,hbrislandmx@miitbeian.gov.cn,ijwcU2n0BEss,950-293-4066,62525 Nova Plaza,826
827,Walliw,wdouchemy@sohu.com,yPK9eRrl,658-301-0410,5954 Dayton Hill,827
828,Franky,fgateleymz@si.edu,4Pxpqu00,850-613-8450,79847 South Park,828
829,Dyanna,dwickettn0@psu.edu,zI0JYA9u,603-925-1382,85 Westerfield Way,829
830,Colene,ccolliholen1@trellian.com,dIF7kK2kw,514-740-2967,04 Cascade Terrace,830
831,Rutherford,rbardwelln2@wikia.com,CRH21u,160-431-5364,954 Namekagon Plaza,831
832,Kipper,kpadefieldn3@typepad.com,LwI8YYU,548-747-8612,25685 Badeau Circle,832
833,Fawne,fperon4@hud.gov,MlZpARwCHro,428-816-4465,2 Delaware Road,833
834,Ebenezer,ebinnyn5@mozilla.org,6FMYdvy06,748-642-6166,38 Scofield Way,834
835,Emmie,eloveardn6@blog.com,ToEVEXAoA,645-640-8903,7143 Nelson Crossing,835
836,Shaylynn,sclaughtonn7@lycos.com,xnYMTEs,677-308-0595,1690 Corscot Place,836
837,Ceciley,ckegleyn8@dmoz.org,jIXXNqF,728-401-1385,5 Lunder Circle,837
838,Marty,mgreensiten9@live.com,JZpddf,830-933-3143,201 Brentwood Alley,838
839,Lucilia,lsootna@amazon.de,4O8b3N34byy5,184-304-7602,91526 Rusk Plaza,839
840,Sallie,snaerupnb@wisc.edu,zoEQTsCQbpb,334-489-8561,2735 Harper Parkway,840
841,Brande,bgrishkovnc@creativecommons.org,fDgvrTeQTlF,697-762-6908,15210 7th Pass,841
842,Shea,shucnd@imageshack.us,SR6lvnEW6DSH,882-463-7253,28800 Warbler Parkway,842
843,Jehanna,jgodwynne@yellowpages.com,uvfOsrpNOWT,828-501-3772,4055 Evergreen Terrace,843
844,Kristos,kguswellnf@apache.org,TXvHfa8,229-142-3782,7099 Bartelt Plaza,844
845,Stefan,srueggng@kickstarter.com,1KztDG819ZFr,673-284-3669,01 Scoville Hill,845
846,Andie,aquadrinh@msn.com,HQ8g5c0,848-233-8489,229 Troy Place,846
847,Baird,bmcreathni@xrea.com,adZdy8nEGkk,517-283-9443,9 Hagan Drive,847
848,Garv,grubertisnj@youtu.be,yLsIzmDR,370-627-9849,0 Caliangt Point,848
849,Aretha,aaudleynk@npr.org,OWiWkdqR,672-543-3467,42148 Moland Hill,849
850,Tobiah,tloosleynl@google.com.hk,nStVgRG5,969-941-6331,045 Dovetail Hill,850
851,Aileen,amacneillynm@nationalgeographic.com,nx2J6rqrU,283-193-6589,71 Hanson Pass,851
852,Carlye,ccrowestnn@redcross.org,R8AacDp,365-986-5700,14 Manley Park,852
853,Neysa,nciccarellono@lulu.com,wg9lww7KVYy,584-611-6667,09 Union Place,853
854,Lana,lkroonnp@huffingtonpost.com,UAKyrwniLVN,767-827-1250,28 Vahlen Plaza,854
855,Milton,mmowettnq@wired.com,7SumOr,589-948-6641,90 Little Fleur Lane,855
856,Teador,tmatchesnr@comcast.net,M2ZMwoXavB9,227-310-7366,50248 Morning Terrace,856
857,Allison,adudgeonns@sciencedaily.com,1Yhxz1lYH0,172-643-5875,037 Blaine Point,857
858,Julianna,jtribblent@unicef.org,cWU1vh3CbpM,574-822-7337,17510 Declaration Way,858
859,Harmon,hgrevelnu@stumbleupon.com,YLdZwwSj7kg,540-439-0712,83 Hansons Trail,859
860,Garold,gdeverilnv@networksolutions.com,DhcU1lnXG,214-764-3893,2 Sycamore Lane,860
861,Nata,nnareynw@sourceforge.net,ivbEfW,169-289-3623,39437 Meadow Ridge Park,861
862,Rasia,rwaymontnx@flavors.me,uwMT7h,254-996-3653,863 Mendota Court,862
863,Cody,csabbatierny@usda.gov,a06yzw,931-309-4561,59 American Ash Crossing,863
864,Wendi,wmcgorleynz@csmonitor.com,fp6ifKO,542-682-3414,6039 Scofield Parkway,864
865,Arden,amortlocko0@shop-pro.jp,ZoPGcFRHysu,883-546-1569,9 Spohn Court,865
866,Nonna,nconlaundo1@macromedia.com,ZxEBCuz,174-646-0391,8 Village Green Parkway,866
867,Adora,amaccorkello2@pen.io,7nhP1sENjG,809-488-7249,4615 Warner Drive,867
868,Evin,eburkmano3@webeden.co.uk,Ai3hUZGeISXr,862-419-7688,0774 8th Crossing,868
869,Aili,akibblewhiteo4@arstechnica.com,0tsIHhqjSHti,678-470-8415,2 Fordem Drive,869
870,Kellia,kwhorltono5@cocolog-nifty.com,E8dDxPJPExYX,981-975-1204,6282 Shelley Plaza,870
871,Aprilette,ajostano6@stanford.edu,LUK42l,370-652-2817,97 Lakeland Trail,871
872,Axe,abulleo7@prlog.org,sTYa1s9Hy,431-130-2307,40242 Walton Hill,872
873,Skelly,ssimmerso8@mail.ru,Y4gtzIykTnn,808-237-3649,808 Lawn Plaza,873
874,Erasmus,eofieldo9@theatlantic.com,GqEkfZaej3v,688-962-3517,718 Thackeray Crossing,874
875,Jorie,jhartroppoa@dmoz.org,z9cx5waA,312-522-6962,9 Bowman Place,875
876,Lela,lmcilhargaob@bbb.org,mAHK465s,271-341-0058,117 Mockingbird Way,876
877,Mirabel,medingtonoc@stumbleupon.com,2XrdZgsJaoa,318-618-2173,6865 Lake View Hill,877
878,Luella,lgrimwadeod@etsy.com,HbjRq8Q,904-903-0163,227 Loftsgordon Parkway,878
879,Giacobo,gtortoe@gov.uk,PLAndhobRpj,621-973-6833,7 Reinke Place,879
880,Mabelle,mseathof@51.la,ZTZsov,437-263-3387,8 Scoville Crossing,880
881,Annabela,awitchallsog@jalbum.net,l772tcUy4q,740-550-6686,9980 Petterle Junction,881
882,Rodney,rattestoneoh@msu.edu,JIFyYvF6,597-814-6124,57 Elka Hill,882
883,Cissy,croughleyoi@opensource.org,pxcZWUMxPKg5,927-459-1810,0546 Lillian Court,883
884,Kassandra,kbriztmanoj@clickbank.net,Y5NldGX,640-627-2710,05 Vernon Court,884
885,Hillary,hmayowok@miitbeian.gov.cn,59jUZ5MqBSZZ,789-960-1024,8441 Troy Drive,885
886,Tadd,tsegotol@dailymail.co.uk,LjxaREJ87,353-429-9815,69696 Pine View Terrace,886
887,Ruddie,rbaudicom@nba.com,Kt6yM09s,701-752-7712,9800 Summit Junction,887
888,Dasi,dfarnabyon@springer.com,LFG5pOYK,359-254-5736,34785 Kedzie Junction,888
889,Kalila,ktranoo@wufoo.com,WofI2YhR5skV,658-720-7976,0760 Grim Park,889
890,Erna,epoatop@baidu.com,J20gR4ob,824-304-5176,16 Schurz Drive,890
891,Ethyl,ebartropoq@businesswire.com,PhDeZbOM,535-684-0828,180 Redwing Lane,891
892,Jessie,jboramor@deviantart.com,V38Qt8sEv4,786-937-4333,0981 Badeau Junction,892
893,Dag,dcolcloughos@techcrunch.com,DZf9Mh,785-396-1880,7 Crowley Park,893
894,Sheffie,sbergstrandot@dedecms.com,Vucuo5HI,623-806-4961,8 Granby Road,894
895,Joni,jsansamou@linkedin.com,6YU9BGO,406-717-6554,68 Scoville Alley,895
896,Lou,lflickerov@kickstarter.com,e1JNis,255-358-3127,044 Old Gate Center,896
897,Horace,hbradborneow@vk.com,nbxzssDwNUXt,580-780-4389,30 Fieldstone Park,897
898,Jorry,jpaddefieldox@patch.com,vKxu7t,412-312-7140,1128 Fallview Parkway,898
899,Burke,bportwainoy@slashdot.org,pW9ta6,689-959-8083,9289 Arkansas Plaza,899
900,Glen,gshiresoz@google.pl,dXnr4072L4,102-212-0953,37720 Forster Hill,900
901,Adda,amcmylerp0@wisc.edu,hh0uCRDhUb,528-284-2515,65 Thierer Terrace,901
902,Hildy,htrenamanp1@sfgate.com,gPRIzFU,570-938-7227,3391 Eastwood Terrace,902
903,Caron,cfilipputtip2@gov.uk,x78zku,617-829-3269,8 Northridge Street,903
904,Denis,dsowtenp3@goodreads.com,I4KSQzgG4MP,508-907-9331,46426 Harper Place,904
905,Karlyn,kpibornp4@diigo.com,84hdPu7,895-552-6697,316 Crownhardt Court,905
906,Erin,emcasterp5@indiatimes.com,m173Mgp,464-919-3195,47 David Way,906
907,Micah,mrollingsp6@cmu.edu,iLCFF3,450-404-8093,921 Stephen Park,907
908,Brendon,blyddiardp7@auda.org.au,a5QE2Gv,380-215-3888,0091 Vernon Point,908
909,Jessi,jtreadwellp8@instagram.com,TbSqZHwJ,908-339-8544,75 Hintze Center,909
910,Lezlie,ldunstanp9@shutterfly.com,cBot1Hr2Tpd,494-705-5120,0790 Bluestem Way,910
911,Crawford,cwintlepa@reddit.com,rSyZkXNJ9Ybt,768-982-1160,482 Swallow Parkway,911
912,Nikos,ncruddaspb@google.de,s8Ll1UWaWVCQ,545-490-9581,53 Badeau Pass,912
913,Van,vbernardouxpc@arstechnica.com,Vs1uQg2eF,813-131-2838,44649 Green Terrace,913
914,Giffard,gliddardpd@amazon.de,nZyhoMCt,621-331-8593,7 Rieder Lane,914
915,Brooks,bbiddulphpe@devhub.com,BY0fqmSy,392-390-7903,523 Daystar Crossing,915
916,Kathryne,kguarepf@fotki.com,kBE1K0,492-605-1657,61602 Atwood Avenue,916
917,Natalee,nnursepg@va.gov,qB7kdKKJvFl7,145-301-4132,032 Maple Lane,917
918,Durward,dburkeph@quantcast.com,67ZJxnKWxP,704-897-1611,3 Memorial Junction,918
919,Mohandis,mhowellspi@apple.com,j2S0xu0oQ9cV,942-293-4848,89 Golden Leaf Street,919
920,Alverta,aclearpj@creativecommons.org,ubKHhBJx7seC,593-839-6442,5 Westend Hill,920
921,Lucila,lmerielpk@twitter.com,vuUNihdmAUq,834-211-1288,79 Ryan Street,921
922,Abeu,ajorczykpl@addtoany.com,AAMIHTzqRzMQ,425-495-3800,71 East Street,922
923,Ellery,edaughertypm@census.gov,3KUALy,879-352-4654,507 Reindahl Circle,923
924,Leo,lespinopn@t.co,Ae6q9hdk1Y,392-573-1213,39 Vera Plaza,924
925,Alina,aguyetpo@loc.gov,1KpPu9Y5Dsv,911-999-9897,3152 Longview Pass,925
926,Elie,emccoolpp@hugedomains.com,CsOdQvwGAP,141-719-8845,01828 Thompson Drive,926
927,Gleda,gjunepq@homestead.com,4lOaBFJec,223-831-4643,005 Lakeland Hill,927
928,Arni,astivanipr@arizona.edu,IzFeVyi,623-219-5773,7548 Mosinee Pass,928
929,Bond,blintottps@reverbnation.com,d1AoyYk,816-772-0858,79 Autumn Leaf Parkway,929
930,Phoebe,pelnerpt@si.edu,3COh6ucMEK,338-404-2815,969 Shasta Parkway,930
931,Thomas,tostrichpu@boston.com,K9JzpYmhC5,900-504-0588,936 Mesta Park,931
932,Aguie,amulvaneypv@mit.edu,CQf4VxwTqszX,837-529-8050,5915 Ridgeway Pass,932
933,Udall,uleavoldpw@mapy.cz,yihvLz,582-449-6446,3 Dexter Drive,933
934,Towney,tharrimanpx@bbc.co.uk,dwKOKm5,602-379-6074,72 Center Center,934
935,Lucienne,lgantzmanpy@state.tx.us,OGs9adhro1Uu,717-605-4660,4 Pine View Terrace,935
936,Joscelin,jdiblingpz@360.cn,DI1MT0Kb,153-264-1127,9896 Vera Plaza,936
937,Bendicty,bparrq0@theglobeandmail.com,5AN5S9P1KZv,249-467-4141,07848 Buhler Court,937
938,Albina,aroyq1@angelfire.com,mwMYGsI,963-224-1225,25473 Straubel Junction,938
939,Shelby,sdensunq2@mayoclinic.com,L1zO3Exp9ZfB,147-325-7741,759 Kedzie Plaza,939
940,Loria,lsouthardq3@yahoo.com,YS9bMMsofD9,971-963-4311,9582 Mitchell Drive,940
941,Maurie,mheijneq4@wordpress.org,exKhfkt,465-858-8115,72 Pepper Wood Parkway,941
942,Cherlyn,ccockmanq5@gravatar.com,rlwyr5w9,901-323-9244,41 Bunker Hill Parkway,942
943,Randa,rmckibbenq6@patch.com,wrqNefMe,324-597-5059,3315 Nevada Pass,943
944,Hermann,hgrimmeq7@so-net.ne.jp,Kwu46AtF616w,892-113-5790,2 Melody Court,944
945,Linda,ltabbq8@discuz.net,RDq1PX,372-740-3063,5 Golf View Plaza,945
946,Meredith,mishchenkoq9@lulu.com,MdU05RWzod,562-197-1922,880 Sachs Junction,946
947,Nada,nfishlyqa@admin.ch,D3JTxUfus,782-601-8720,2 Burning Wood Point,947
948,Callida,cbennitqb@google.es,4iRDXHT8Z2,445-392-7423,5314 Evergreen Road,948
949,Alard,acamackeqc@dedecms.com,Rj9wzIf,226-260-6479,03 Ohio Point,949
950,Lowrance,lcroneqd@google.co.jp,7LZ47Wqj6,537-876-9746,26 Canary Avenue,950
951,Waring,wkleinplacqe@state.gov,UN7LAYC,128-643-3688,553 Spohn Avenue,951
952,Yolanthe,yhampeqf@altervista.org,ob1QO4Kxb7,271-907-5458,7 Grim Plaza,952
953,Janelle,jwoollacottqg@redcross.org,bTfQshjB9V0,361-795-9159,36 Vera Point,953
954,Giuditta,gpetrolliqh@de.vu,gBGkvdYrg,921-982-4739,70428 Little Fleur Drive,954
955,Rhys,rsanderqi@bandcamp.com,HUeuxn3sri,651-142-9883,4 Summerview Lane,955
956,Dion,dpaffettqj@weibo.com,Ep88R0taf,843-548-6915,939 Pleasure Crossing,956
957,Malynda,mcutrissqk@fda.gov,tDlKOIHxvmb,278-189-9788,37 Maple Wood Alley,957
958,Thorin,tdurieql@wsj.com,bMFovp01r4A,253-802-0131,225 Cascade Drive,958
959,Louise,lmcadamqm@flickr.com,OfAd5qv2,732-633-4050,94 Golf Course Crossing,959
960,Linette,lskipseaqn@gravatar.com,8o8yK5,194-445-7457,767 Charing Cross Junction,960
961,Cole,clongriggqo@reference.com,8IZxslw9,787-978-6778,71656 Fuller Parkway,961
962,Sabrina,sdymidowskiqp@redcross.org,BzvM35BfC151,474-406-0390,11466 Hanover Way,962
963,Tawnya,tpenvarneqq@theatlantic.com,NReu7hYb,255-637-4251,9 Red Cloud Street,963
964,Burt,btrulockeqr@cnbc.com,kNAiLu,491-305-7556,743 Bunting Circle,964
965,Barnabas,bmenezesqs@ibm.com,zBTmLZtkA7I5,588-253-7620,282 Donald Pass,965
966,Jillian,jroseqt@smh.com.au,IwjTPgAuWn4,515-551-8341,37716 International Drive,966
967,Mandie,mivanovicqu@canalblog.com,24piEsgB5T,682-306-8115,1 Homewood Crossing,967
968,Krista,kkilbyqv@biglobe.ne.jp,eG7LhyTpF2,186-499-0272,69 Butternut Avenue,968
969,Lita,lbartlamqw@yandex.ru,OjhuXugMAO0p,407-335-5065,408 Meadow Ridge Way,969
970,Theresita,tnaileqx@thetimes.co.uk,ghdG2RSi1HoV,391-255-9756,87 Nova Lane,970
971,Josiah,jrudderhamqy@1688.com,LvnoDXa,417-759-0485,021 3rd Point,971
972,Clemmie,clewryqz@elegantthemes.com,siCuRm,605-353-7604,8 Lawn Terrace,972
973,Vincenz,vsummerladr0@google.co.uk,5Hz0QUa,187-154-2183,76325 Gina Avenue,973
974,Geralda,gsantryr1@va.gov,HItS64Cz,398-817-6279,37040 Moland Terrace,974
975,Sela,sherculsonr2@harvard.edu,0h0s6JTshlUQ,350-799-0030,77040 Rigney Plaza,975
976,Elna,edurbinr3@vk.com,KBDc6C1YJ1YZ,699-834-7005,38 Riverside Street,976
977,Inge,iclixbyr4@accuweather.com,EcXNU2ELYBBS,828-515-0776,6376 Sheridan Terrace,977
978,Barde,bwycliffr5@arizona.edu,PpkxbXQ,437-398-5132,5384 Sullivan Road,978
979,Filide,freijmersr6@marriott.com,UtiWlC6Usm,574-332-9846,54 Sutteridge Place,979
980,Sascha,smcwhinnier7@myspace.com,xXdOfm,724-626-8918,2710 Merrick Pass,980
981,Chet,cspadottor8@epa.gov,9eANR6AX,505-650-4150,6 Thackeray Junction,981
982,Freida,fmyallr9@vimeo.com,xYjApmHOhGM,484-942-6603,05312 Rowland Center,982
983,Amie,adanesra@dell.com,panOmN,913-983-4538,37205 Canary Terrace,983
984,Gerek,gspikeingsrb@smh.com.au,woARq2fAskUP,741-978-9600,12 Dixon Circle,984
985,Winni,wbartalinirc@newyorker.com,4cZlr9,160-475-3557,78473 Alpine Crossing,985
986,Jakob,jlauridsenrd@ovh.net,mNIhlG2gnXy,851-141-2270,1 Michigan Place,986
987,Bernarr,berreyre@jiathis.com,kGmMDm9IGVO5,592-692-9643,96 Hooker Lane,987
988,Germana,gorringrf@flavors.me,uMTFqIw,561-645-2127,71 Bunting Point,988
989,Lavena,lpinnererg@google.com.au,gl8K1u8OkgCJ,507-825-4112,176 Moland Plaza,989
990,Fernandina,fmcphillipsrh@netscape.com,NBRR48t2qTR,436-948-4136,8601 Del Mar Road,990
991,Dorisa,didillri@msn.com,salrdQGVT7,346-747-9809,4 Sycamore Point,991
992,Araldo,aathertonrj@eepurl.com,Y2S0DuZ,292-381-9443,15974 Anniversary Trail,992
993,Mylo,mklusrk@cnn.com,RHcb6F,139-223-7031,27 Sunfield Crossing,993
994,Chiarra,cgerrardrl@opensource.org,OjCDsu,207-768-6212,3461 Warbler Hill,994
995,Sapphira,ssearsbyrm@eepurl.com,nx83pVo0,122-513-5144,736 Paget Lane,995
996,Reid,rhawthornrn@soundcloud.com,f5B5AApdR,785-661-8090,4 Ryan Junction,996
997,Bernete,bgiddenro@constantcontact.com,f9NGJzVCH2kY,834-948-6538,7 Sachs Hill,997
998,Jeanna,jjillittrp@acquirethisname.com,YvXs1sGZ,447-516-2981,1936 Meadow Valley Way,998
999,Grata,ghaytonrq@typepad.com,nZJ3M8XxPnfP,529-247-5477,2 Crest Line Junction,999
1000,Julian,jstqueintainrr@fastcompany.com,lVumXRSRK3M1,646-144-8380,68 Cherokee Parkway,1000
